,chr,start,end,width,reads,gc,map,cor_gc,copy,valid,ideal,modal_curve,modal_quantile,cor_map,multiplier,state,cell_id,is_low_mappability
1541,14.0,1,500000,500000,0,-1.0,0.0,,,False,False,,,,2,2,SA1015-A95736A-R03-C04,True
1542,14.0,500001,1000000,500000,0,-1.0,0.0,,,False,False,,,,2,2,SA1015-A95736A-R03-C04,True
1543,14.0,1000001,1500000,500000,0,-1.0,0.0,,,False,False,,,,2,2,SA1015-A95736A-R03-C04,True
1544,14.0,1500001,2000000,500000,0,-1.0,0.0,,,False,False,,,,2,2,SA1015-A95736A-R03-C04,True
1545,14.0,2000001,2500000,500000,0,-1.0,0.0,,,False,False,,,,2,2,SA1015-A95736A-R03-C04,True
1546,14.0,2500001,3000000,500000,0,-1.0,0.0,,,False,False,,,,2,2,SA1015-A95736A-R03-C04,True
1547,14.0,3000001,3500000,500000,0,-1.0,0.0,,,False,False,,,,2,2,SA1015-A95736A-R03-C04,True
1548,14.0,3500001,4000000,500000,0,-1.0,0.0,,,False,False,,,,2,2,SA1015-A95736A-R03-C04,True
1549,14.0,4000001,4500000,500000,0,-1.0,0.0,,,False,False,,,,2,2,SA1015-A95736A-R03-C04,True
1550,14.0,4500001,5000000,500000,0,-1.0,0.0,,,False,False,,,,2,2,SA1015-A95736A-R03-C04,True
1551,14.0,5000001,5500000,500000,0,-1.0,0.0,,,False,False,,,,2,2,SA1015-A95736A-R03-C04,True
1552,14.0,5500001,6000000,500000,0,-1.0,0.0,,,False,False,,,,2,2,SA1015-A95736A-R03-C04,True
1553,14.0,6000001,6500000,500000,0,-1.0,0.0,,,False,False,,,,2,2,SA1015-A95736A-R03-C04,True
1554,14.0,6500001,7000000,500000,0,-1.0,0.0,,,False,False,,,,2,2,SA1015-A95736A-R03-C04,True
1555,14.0,7000001,7500000,500000,0,-1.0,0.0,,,False,False,,,,2,2,SA1015-A95736A-R03-C04,True
1556,14.0,7500001,8000000,500000,0,-1.0,0.0,,,False,False,,,,2,2,SA1015-A95736A-R03-C04,True
1557,14.0,8000001,8500000,500000,0,-1.0,0.0,,,False,False,,,,2,2,SA1015-A95736A-R03-C04,True
1558,14.0,8500001,9000000,500000,0,-1.0,0.0,,,False,False,,,,2,2,SA1015-A95736A-R03-C04,True
1559,14.0,9000001,9500000,500000,0,-1.0,0.0,,,False,False,,,,2,2,SA1015-A95736A-R03-C04,True
1560,14.0,9500001,10000000,500000,0,-1.0,0.0,,,False,False,,,,2,2,SA1015-A95736A-R03-C04,True
1561,14.0,10000001,10500000,500000,0,-1.0,0.0,,,False,False,,,,2,2,SA1015-A95736A-R03-C04,True
1562,14.0,10500001,11000000,500000,0,-1.0,0.0,,,False,False,,,,2,2,SA1015-A95736A-R03-C04,True
1563,14.0,11000001,11500000,500000,0,-1.0,0.0,,,False,False,,,,2,2,SA1015-A95736A-R03-C04,True
1564,14.0,11500001,12000000,500000,0,-1.0,0.0,,,False,False,,,,2,2,SA1015-A95736A-R03-C04,True
1565,14.0,12000001,12500000,500000,0,-1.0,0.0,,,False,False,,,,2,2,SA1015-A95736A-R03-C04,True
1566,14.0,12500001,13000000,500000,0,-1.0,0.0,,,False,False,,,,2,2,SA1015-A95736A-R03-C04,True
1567,14.0,13000001,13500000,500000,0,-1.0,0.0,,,False,False,,,,2,2,SA1015-A95736A-R03-C04,True
1568,14.0,13500001,14000000,500000,0,-1.0,0.0,,,False,False,,,,2,2,SA1015-A95736A-R03-C04,True
1569,14.0,14000001,14500000,500000,0,-1.0,0.0,,,False,False,,,,2,2,SA1015-A95736A-R03-C04,True
1570,14.0,14500001,15000000,500000,0,-1.0,0.0,,,False,False,,,,2,2,SA1015-A95736A-R03-C04,True
1571,14.0,15000001,15500000,500000,0,-1.0,0.0,,,False,False,,,,2,2,SA1015-A95736A-R03-C04,True
1572,14.0,15500001,16000000,500000,0,-1.0,0.0,,,False,False,,,,2,2,SA1015-A95736A-R03-C04,True
1573,14.0,16000001,16500000,500000,0,-1.0,0.0,,,False,False,,,,2,2,SA1015-A95736A-R03-C04,True
1574,14.0,16500001,17000000,500000,0,-1.0,0.0,,,False,False,,,,2,2,SA1015-A95736A-R03-C04,True
1575,14.0,17000001,17500000,500000,0,-1.0,0.0,,,False,False,,,,2,2,SA1015-A95736A-R03-C04,True
1576,14.0,17500001,18000000,500000,0,-1.0,0.0,,,False,False,,,,2,2,SA1015-A95736A-R03-C04,True
1577,14.0,18000001,18500000,500000,0,-1.0,0.0,,,False,False,,,,2,2,SA1015-A95736A-R03-C04,True
1578,14.0,18500001,19000000,500000,0,-1.0,0.0,,,False,False,,,,2,2,SA1015-A95736A-R03-C04,True
1579,14.0,19000001,19500000,500000,13,0.402928,0.983015,0.1909583369567769,0.370984722838355,True,True,68.0776770848321,46.0,,2,2,SA1015-A95736A-R03-C04,False
1580,14.0,19500001,20000000,500000,6,0.419854,0.8725129999999999,0.08432026104661597,0.16381336983007502,True,False,71.1572749600826,46.0,,2,2,SA1015-A95736A-R03-C04,True
1581,14.0,20000001,20500000,500000,24,0.376812,0.889732,0.37568993649705,0.7298724380704291,True,False,63.88246707850921,46.0,,2,2,SA1015-A95736A-R03-C04,True
1582,14.0,20500001,21000000,500000,69,0.405432,0.985048,1.0070730113583,1.9564932746629096,True,True,68.5153898692364,46.0,,2,2,SA1015-A95736A-R03-C04,False
1583,14.0,21000001,21500000,500000,146,0.434558,0.991356,1.97129934547966,3.82974607429544,True,True,74.06282578786879,46.0,,2,2,SA1015-A95736A-R03-C04,False
1584,14.0,21500001,22000000,500000,46,0.4346140000000001,0.998674,0.620998099940868,1.2064454040666202,True,True,74.0743007174743,46.0,,2,2,SA1015-A95736A-R03-C04,False
1585,14.0,22000001,22500000,500000,60,0.393156,0.996612,0.903221837518554,1.7547361816898102,True,True,66.4288633286808,46.0,,2,2,SA1015-A95736A-R03-C04,False
1586,14.0,22500001,23000000,500000,71,0.395858,0.998332,1.06167731034135,2.06257589481368,True,True,66.8753107073298,46.0,,2,2,SA1015-A95736A-R03-C04,False
1587,14.0,23000001,23500000,500000,70,0.460968,0.99461,0.8769838138689391,1.70376220439924,True,True,79.8190330231809,46.0,,2,2,SA1015-A95736A-R03-C04,False
1588,14.0,23500001,24000000,500000,138,0.470886,0.998541,1.67966831277064,3.26317925367473,True,True,82.15907804581191,46.0,,2,2,SA1015-A95736A-R03-C04,False
1589,14.0,24000001,24500000,500000,74,0.434298,0.976466,0.999870422184303,1.94250042894055,True,True,74.00959000101301,46.0,,2,2,SA1015-A95736A-R03-C04,False
1590,14.0,24500001,25000000,500000,99,0.492788,0.987121,1.12921378088822,2.19378251928792,True,True,87.67161867447979,46.0,,2,2,SA1015-A95736A-R03-C04,False
1591,14.0,25000001,25500000,500000,46,0.397722,0.995897,0.684651062300864,1.33010733459709,True,True,67.1875098614624,46.0,,2,2,SA1015-A95736A-R03-C04,False
1592,14.0,25500001,26000000,500000,39,0.384584,0.991415,0.599443299757729,1.16456976931186,True,True,65.0603652017834,46.0,,2,2,SA1015-A95736A-R03-C04,False
1593,14.0,26000001,26500000,500000,130,0.370308,0.991646,2.06537032923006,4.01250268178346,True,True,62.9427072521478,46.0,,2,2,SA1015-A95736A-R03-C04,False
1594,14.0,26500001,27000000,500000,39,0.36264,0.992479,0.630164954579188,1.22425433077541,True,True,61.888557458806105,46.0,,2,2,SA1015-A95736A-R03-C04,False
1595,14.0,27000001,27500000,500000,84,0.3507,0.988894,1.3915805567634298,2.70349614154306,True,True,60.3630164216788,46.0,,2,2,SA1015-A95736A-R03-C04,False
1596,14.0,27500001,28000000,500000,52,0.346816,0.990848,0.868154199408311,1.6866084517763,True,True,59.8971934196027,46.0,,2,2,SA1015-A95736A-R03-C04,False
1597,14.0,28000001,28500000,500000,48,0.342548,0.993954,0.8080462630488259,1.5698336281887,True,True,59.40253942749761,46.0,,2,2,SA1015-A95736A-R03-C04,False
1598,14.0,28500001,29000000,500000,54,0.355464,0.985756,0.8859026873282829,1.72108936513533,True,True,60.954776153635905,46.0,,2,2,SA1015-A95736A-R03-C04,False
1599,14.0,29000001,29500000,500000,55,0.359594,0.996358,0.8945130468440959,1.73781715973921,True,True,61.4859673584905,46.0,,2,2,SA1015-A95736A-R03-C04,False
1600,14.0,29500001,30000000,500000,92,0.35499,0.993669,1.51079996181553,2.93510989899956,True,True,60.89489166351561,46.0,,2,2,SA1015-A95736A-R03-C04,False
1601,14.0,30000001,30500000,500000,82,0.37054,0.997206,1.30209349572835,2.5296449598414,True,True,62.97550849382879,46.0,,2,2,SA1015-A95736A-R03-C04,False
1602,14.0,30500001,31000000,500000,87,0.38017,0.987206,1.35126620489483,2.62517534710837,True,True,64.3840567349727,46.0,,2,2,SA1015-A95736A-R03-C04,False
1603,14.0,31000001,31500000,500000,64,0.380022,0.989228,0.994379973133955,1.9318338471528,True,True,64.361714565,46.0,,2,2,SA1015-A95736A-R03-C04,False
1604,14.0,31500001,32000000,500000,88,0.407734,0.997314,1.27678216116145,2.48047130977397,True,True,68.9232687273367,46.0,,2,2,SA1015-A95736A-R03-C04,False
1605,14.0,32000001,32500000,500000,61,0.393038,0.988876,0.918542850620885,1.78450111308768,True,True,66.4095310945672,46.0,,2,2,SA1015-A95736A-R03-C04,False
1606,14.0,32500001,33000000,500000,46,0.3884780000000001,0.995402,0.700439900757621,1.36078113471583,True,True,65.6730148443067,46.0,,2,2,SA1015-A95736A-R03-C04,False
1607,14.0,33000001,33500000,500000,58,0.378238,0.99763,0.904919385755928,1.75803409720574,True,True,64.09410706960321,46.0,,2,2,SA1015-A95736A-R03-C04,False
1608,14.0,33500001,34000000,500000,78,0.376144,0.998297,1.22287686137502,2.37574667182682,True,True,63.7840182144716,46.0,,2,2,SA1015-A95736A-R03-C04,False
1609,14.0,34000001,34500000,500000,78,0.402346,0.998843,1.14744980971235,2.22921060379476,True,True,67.9768294349654,46.0,,2,2,SA1015-A95736A-R03-C04,False
1610,14.0,34500001,35000000,500000,58,0.421592,0.989919,0.8113073530210579,1.57616911779748,True,True,71.4895529838673,46.0,,2,2,SA1015-A95736A-R03-C04,False
1611,14.0,35000001,35500000,500000,39,0.422106,0.999124,0.54478103879289,1.0583745433953902,True,True,71.58839464459898,46.0,,2,2,SA1015-A95736A-R03-C04,False
1612,14.0,35500001,36000000,500000,49,0.422512,0.996971,0.6837210613426811,1.32830057322071,True,True,71.6666529238905,46.0,,2,2,SA1015-A95736A-R03-C04,False
1613,14.0,36000001,36500000,500000,52,0.38018,0.996444,0.8076344175161859,1.5690335143878895,True,True,64.3855671232063,46.0,,2,2,SA1015-A95736A-R03-C04,False
1614,14.0,36500001,37000000,500000,87,0.391132,0.988848,1.31620400071033,2.55705817396588,True,True,66.099176079884,46.0,,2,2,SA1015-A95736A-R03-C04,False
1615,14.0,37000001,37500000,500000,92,0.393544,0.996959,1.38361412063294,2.6880193304910898,True,True,66.4925275248809,46.0,,2,2,SA1015-A95736A-R03-C04,False
1616,14.0,37500001,38000000,500000,53,0.368396,0.991187,0.845640202642803,1.64286933578302,True,True,62.6744090859964,46.0,,2,2,SA1015-A95736A-R03-C04,False
1617,14.0,38000001,38500000,500000,157,0.38153,0.992751,2.43070258830492,4.72225271960178,True,True,64.59037841790659,46.0,,2,2,SA1015-A95736A-R03-C04,False
1618,14.0,38500001,39000000,500000,81,0.372502,0.994937,1.28053045168058,2.48775330930078,True,True,63.2550361404484,46.0,,2,2,SA1015-A95736A-R03-C04,False
1619,14.0,39000001,39500000,500000,81,0.383878,0.991961,1.24709594665936,2.4227983522341896,True,True,64.9508966948192,46.0,,2,2,SA1015-A95736A-R03-C04,False
1620,14.0,39500001,40000000,500000,92,0.392768,0.993124,1.38626561181496,2.6931705207294603,True,True,66.3653481813993,46.0,,2,2,SA1015-A95736A-R03-C04,False
1621,14.0,40000001,40500000,500000,62,0.372808,0.986045,0.9794787239792692,1.90288441307364,True,True,63.2989757532623,46.0,,2,2,SA1015-A95736A-R03-C04,False
1622,14.0,40500001,41000000,500000,62,0.351374,0.987428,1.02571954340422,1.99271886519325,True,True,60.4453726154331,46.0,,2,2,SA1015-A95736A-R03-C04,False
1623,14.0,41000001,41500000,500000,44,0.342062,0.990067,0.7413978064497121,1.44035219473537,True,True,59.34735659753329,46.0,,2,2,SA1015-A95736A-R03-C04,False
1624,14.0,41500001,42000000,500000,66,0.348528,0.990245,1.09815730354318,2.13344748064126,True,True,60.1006793717554,46.0,,2,2,SA1015-A95736A-R03-C04,False
1625,14.0,42000001,42500000,500000,98,0.344758,0.996009,1.64274012353196,3.19143693402552,True,True,59.6564231896254,46.0,,2,2,SA1015-A95736A-R03-C04,False
1626,14.0,42500001,43000000,500000,58,0.34929,0.994147,0.9635802729489572,1.87199766289015,True,True,60.192182870759495,46.0,,2,2,SA1015-A95736A-R03-C04,False
1627,14.0,43000001,43500000,500000,170,0.343812,0.991981,2.85488029400281,5.546324876336992,True,True,59.547155219473,46.0,,2,2,SA1015-A95736A-R03-C04,False
1628,14.0,43500001,44000000,500000,72,0.338994,0.98218,1.22024801287825,2.37063947071426,True,True,59.004398483035295,46.0,,2,2,SA1015-A95736A-R03-C04,False
1629,14.0,44000001,44500000,500000,75,0.351522,0.992998,1.24041742418003,2.4098236382183,True,True,60.463516988708896,46.0,,2,2,SA1015-A95736A-R03-C04,False
1630,14.0,44500001,45000000,500000,46,0.35787,0.9919,0.7508711285425401,1.4587565117553798,True,True,61.2621770253535,46.0,,2,2,SA1015-A95736A-R03-C04,False
1631,14.0,45000001,45500000,500000,40,0.381296,0.982468,0.6196290887680501,1.20378575464463,True,True,64.55474851822761,46.0,,2,2,SA1015-A95736A-R03-C04,False
1632,14.0,45500001,46000000,500000,56,0.382318,0.987741,0.865389290301329,1.68123691861847,True,True,64.710761535425,46.0,,2,2,SA1015-A95736A-R03-C04,False
1633,14.0,46000001,46500000,500000,68,0.36724,0.986252,1.08775719459542,2.11324264645094,True,True,62.5139510341659,46.0,,2,2,SA1015-A95736A-R03-C04,False
1634,14.0,46500001,47000000,500000,50,0.343986,0.990783,0.839388307945119,1.63072345381422,True,True,59.5671866366634,46.0,,2,2,SA1015-A95736A-R03-C04,False
1635,14.0,47000001,47500000,500000,46,0.34403,0.99488,0.772171518593947,1.50013789067553,True,True,59.5722568008747,46.0,,2,2,SA1015-A95736A-R03-C04,False
1636,14.0,47500001,48000000,500000,90,0.35332,0.995143,1.48305171749036,2.88120193721964,True,True,60.6856786844221,46.0,,2,2,SA1015-A95736A-R03-C04,False
1637,14.0,48000001,48500000,500000,64,0.359176,0.991452,1.04181186502271,2.02398225788196,True,True,61.431437046077995,46.0,,2,2,SA1015-A95736A-R03-C04,False
1638,14.0,48500001,49000000,500000,56,0.353058,0.985396,0.923283292702192,1.79371061721142,True,True,60.6531066278733,46.0,,2,2,SA1015-A95736A-R03-C04,False
1639,14.0,49000001,49500000,500000,65,0.35642,0.997276,1.0642437694523,2.06756188881176,True,True,61.07623259420321,46.0,,2,2,SA1015-A95736A-R03-C04,False
1640,14.0,49500001,50000000,500000,52,0.39282,0.993802,0.7834410469454791,1.5220317912961598,True,True,66.3738518714846,46.0,,2,2,SA1015-A95736A-R03-C04,False
1641,14.0,50000001,50500000,500000,76,0.42553,0.997855,1.05185214261701,2.04348802893077,True,True,72.253501153605,46.0,,2,2,SA1015-A95736A-R03-C04,False
1642,14.0,50500001,51000000,500000,68,0.40319,0.997013,0.998191726936519,1.93923914011098,True,True,68.1231853210145,46.0,,2,2,SA1015-A95736A-R03-C04,False
1643,14.0,51000001,51500000,500000,58,0.408314,0.998268,0.840252580914468,1.6324025219979,True,True,69.0268632520916,46.0,,2,2,SA1015-A95736A-R03-C04,False
1644,14.0,51500001,52000000,500000,78,0.400206,0.996236,1.15369428488749,2.24134207147006,True,True,67.6088986672986,46.0,,2,2,SA1015-A95736A-R03-C04,False
1645,14.0,52000001,52500000,500000,54,0.403492,0.992205,0.792070776619458,1.53879721731679,True,True,68.1757256977349,46.0,,2,2,SA1015-A95736A-R03-C04,False
1646,14.0,52500001,53000000,500000,51,0.398206,0.99129,0.7581485694338541,1.47289477581373,True,True,67.26913702163169,46.0,,2,2,SA1015-A95736A-R03-C04,False
1647,14.0,53000001,53500000,500000,34,0.393588,0.998525,0.5112800669612849,0.99329045778892,True,True,66.4997565856104,46.0,,2,2,SA1015-A95736A-R03-C04,False
1648,14.0,53500001,54000000,500000,53,0.39412,0.992508,0.7959474058966659,1.54632854724389,True,True,66.5873141960849,46.0,,2,2,SA1015-A95736A-R03-C04,False
1649,14.0,54000001,54500000,500000,56,0.388592,0.994956,0.8524736911296099,1.65614511034567,True,True,65.6911768453459,46.0,,2,2,SA1015-A95736A-R03-C04,False
1650,14.0,54500001,55000000,500000,77,0.405526,0.994473,1.12356365837518,2.1828057315345903,True,True,68.5319424725359,46.0,,2,2,SA1015-A95736A-R03-C04,False
1651,14.0,55000001,55500000,500000,93,0.421056,0.997162,1.30276259694008,2.53094485767011,True,True,71.38675935157941,46.0,,2,2,SA1015-A95736A-R03-C04,False
1652,14.0,55500001,56000000,500000,46,0.41568,0.999438,0.653673826980256,1.2699262435650902,True,True,70.3714881969558,46.0,,2,2,SA1015-A95736A-R03-C04,False
1653,14.0,56000001,56500000,500000,60,0.4032,0.987749,0.880734932371593,1.71104969799716,True,True,68.1249236230876,46.0,,2,2,SA1015-A95736A-R03-C04,False
1654,14.0,56500001,57000000,500000,73,0.401244,0.991996,1.07690589142807,2.09216125371297,True,True,67.78679602467,46.0,,2,2,SA1015-A95736A-R03-C04,False
1655,14.0,57000001,57500000,500000,55,0.40455,0.99014,0.804558149166965,1.56305708738764,True,True,68.3605032861163,46.0,,2,2,SA1015-A95736A-R03-C04,False
1656,14.0,57500001,58000000,500000,59,0.387032,0.991148,0.901537430125225,1.75146379557711,True,True,65.4437608783529,46.0,,2,2,SA1015-A95736A-R03-C04,False
1657,14.0,58000001,58500000,500000,128,0.395346,0.995011,1.91645000685779,3.72318740285546,True,True,66.7901586485258,46.0,,2,2,SA1015-A95736A-R03-C04,False
1658,14.0,58500001,59000000,500000,54,0.392994,0.991965,0.813224524774684,1.5798937073754298,True,True,66.4023259935029,46.0,,2,2,SA1015-A95736A-R03-C04,False
1659,14.0,59000001,59500000,500000,66,0.403218,0.998697,0.9687639272172652,1.8820682184504096,True,True,68.1280528163165,46.0,,2,2,SA1015-A95736A-R03-C04,False
1660,14.0,59500001,60000000,500000,67,0.395854,0.996944,1.00187448546559,1.94639382722211,True,True,66.8746444509605,46.0,,2,2,SA1015-A95736A-R03-C04,False
1661,14.0,60000001,60500000,500000,34,0.384878,0.990735,0.522224517870571,1.01455281350434,True,True,65.10609677737621,46.0,,2,2,SA1015-A95736A-R03-C04,False
1662,14.0,60500001,61000000,500000,72,0.379888,0.995725,1.11902885242857,2.17399572745704,True,True,64.3415045498983,46.0,,2,2,SA1015-A95736A-R03-C04,False
1663,14.0,61000001,61500000,500000,69,0.383898,0.994588,1.06229038345912,2.06376694394147,True,True,64.953990993796,46.0,,2,2,SA1015-A95736A-R03-C04,False
1664,14.0,61500001,62000000,500000,61,0.422242,0.989358,0.8517817262459331,1.65480079406875,True,True,71.6145910629545,46.0,,2,2,SA1015-A95736A-R03-C04,False
1665,14.0,62000001,62500000,500000,1286,0.40073,0.999129,18.995969666141697,36.9044612240968,True,False,67.6985709390849,46.0,,2,2,SA1015-A95736A-R03-C04,False
1666,14.0,62500001,63000000,500000,64,0.3797,0.994151,0.995130389028527,1.9332917192577697,True,True,64.3131801677552,46.0,,2,2,SA1015-A95736A-R03-C04,False
1667,14.0,63000001,63500000,500000,50,0.366448,0.985864,0.801220655399282,1.55657316413971,True,True,62.404781583024594,46.0,,2,2,SA1015-A95736A-R03-C04,False
1668,14.0,63500001,64000000,500000,54,0.39737,0.988317,0.804429842253972,1.56280781885444,True,True,67.1282903288305,46.0,,2,2,SA1015-A95736A-R03-C04,False
1669,14.0,64000001,64500000,500000,54,0.41417,0.999768,0.7704218701057559,1.49673875728445,True,True,70.0914681881855,46.0,,2,2,SA1015-A95736A-R03-C04,False
1670,14.0,64500001,65000000,500000,87,0.418432,0.999324,1.22729442590568,2.38432890488952,True,True,70.88763556943441,46.0,,2,2,SA1015-A95736A-R03-C04,False
1671,14.0,65000001,65500000,500000,402,0.4618020000000001,0.994338,5.02424285220858,9.760858686264527,True,False,80.01205591073041,46.0,,2,2,SA1015-A95736A-R03-C04,False
1672,14.0,65500001,66000000,500000,62,0.42973,0.998822,0.848325017234257,1.6480852651472802,True,True,73.0851958157911,46.0,,2,2,SA1015-A95736A-R03-C04,False
1673,14.0,66000001,66500000,500000,118,0.404608,0.994182,1.7258863892906398,3.3529695219664704,True,True,68.3706649129434,46.0,,2,2,SA1015-A95736A-R03-C04,False
1674,14.0,66500001,67000000,500000,143,0.401004,0.996086,2.11083916434461,4.10083735971151,True,True,67.7455688787165,46.0,,2,2,SA1015-A95736A-R03-C04,False
1675,14.0,67000001,67500000,500000,40,0.359896,0.992822,0.650137225712684,1.26305550379039,True,True,61.525472497212895,46.0,,2,2,SA1015-A95736A-R03-C04,False
1676,14.0,67500001,68000000,500000,59,0.412244,0.997804,0.8460287887446891,1.64362426227434,True,True,69.7375796012123,46.0,,2,2,SA1015-A95736A-R03-C04,False
1677,14.0,68000001,68500000,500000,76,0.412646,0.996497,1.0886514530981402,2.11497996909453,True,True,69.8111409154098,46.0,,2,2,SA1015-A95736A-R03-C04,False
1678,14.0,68500001,69000000,500000,81,0.400322,0.996251,1.19771588745453,2.32686513523098,True,True,67.6287263519119,46.0,,2,2,SA1015-A95736A-R03-C04,False
1679,14.0,69000001,69500000,500000,141,0.476958,0.999473,1.68580101805114,3.27509358014508,True,True,83.6397644147836,46.0,,2,2,SA1015-A95736A-R03-C04,False
1680,14.0,69500001,70000000,500000,93,0.438524,0.999493,1.24193454946744,2.4127710366573,True,True,74.88317322348391,46.0,,2,2,SA1015-A95736A-R03-C04,False
1681,14.0,70000001,70500000,500000,79,0.4521520000000001,0.999478,1.01515338263607,1.9721914334691,True,True,77.8207523624253,46.0,,2,2,SA1015-A95736A-R03-C04,False
1682,14.0,70500001,71000000,500000,56,0.41375,0.992751,0.7998402250247951,1.55389133003894,True,True,70.0139831030178,46.0,,2,2,SA1015-A95736A-R03-C04,False
1683,14.0,71000001,71500000,500000,70,0.412848,0.987453,1.00217378711494,1.94697529614983,True,True,69.84816495900989,46.0,,2,2,SA1015-A95736A-R03-C04,False
1684,14.0,71500001,72000000,500000,79,0.410728,0.993254,1.13731889462308,2.20952874655623,True,True,69.4616086776447,46.0,,2,2,SA1015-A95736A-R03-C04,False
1685,14.0,72000001,72500000,500000,70,0.405236,0.989944,1.0221827668964498,1.98584778497027,True,True,68.4809040681972,46.0,,2,2,SA1015-A95736A-R03-C04,False
1686,14.0,72500001,73000000,500000,88,0.416574,0.996672,1.24754851765596,2.42367758551833,True,True,70.5383387937046,46.0,,2,2,SA1015-A95736A-R03-C04,False
1687,14.0,73000001,73500000,500000,119,0.46382,0.998928,1.4785923022917,2.87253839868102,True,True,80.48195558407791,46.0,,2,2,SA1015-A95736A-R03-C04,False
1688,14.0,73500001,74000000,500000,48,0.434016,0.997093,0.649070322353187,1.2609827749772602,True,True,73.95192531061541,46.0,,2,2,SA1015-A95736A-R03-C04,False
1689,14.0,74000001,74500000,500000,86,0.45296,0.992692,1.1025542818396998,2.14198971975298,True,True,78.0006947653427,46.0,,2,2,SA1015-A95736A-R03-C04,False
1690,14.0,74500001,75000000,500000,206,0.461358,0.999093,2.57792562965212,5.00827060214112,True,True,79.90920980439559,46.0,,2,2,SA1015-A95736A-R03-C04,False
1691,14.0,75000001,75500000,500000,95,0.4571,0.99646,1.20355516227944,2.338209399048,True,True,78.932817520451,46.0,,2,2,SA1015-A95736A-R03-C04,False
1692,14.0,75500001,76000000,500000,70,0.449066,0.99969,0.907447534959392,1.76294566454807,True,True,77.13944586684279,46.0,,2,2,SA1015-A95736A-R03-C04,False
1693,14.0,76000001,76500000,500000,58,0.418598,0.999389,0.8178343241863041,1.58884940516959,True,True,70.9190092476328,46.0,,2,2,SA1015-A95736A-R03-C04,False
1694,14.0,76500001,77000000,500000,87,0.4593140000000001,0.999471,1.0951900882718102,2.12768291674428,True,True,79.4382645822554,46.0,,2,2,SA1015-A95736A-R03-C04,False
1695,14.0,77000001,77500000,500000,138,0.478742,0.997484,1.64126005334195,3.18856152445728,True,True,84.081739343502,46.0,,2,2,SA1015-A95736A-R03-C04,False
1696,14.0,77500001,78000000,500000,265,0.468284,0.999567,3.25010845420825,6.314155240846901,True,True,81.5357406479397,46.0,,2,2,SA1015-A95736A-R03-C04,False
1697,14.0,78000001,78500000,500000,74,0.44375,0.998292,0.9738389282452672,1.89192768769266,True,True,75.9879255734195,46.0,,2,2,SA1015-A95736A-R03-C04,False
1698,14.0,78500001,79000000,500000,275,0.425486,0.999377,3.80649808963643,7.39508241050578,True,True,72.2448806026503,46.0,,2,2,SA1015-A95736A-R03-C04,False
1699,14.0,79000001,79500000,500000,62,0.392112,0.999128,0.9357318143076808,1.81789500953049,True,True,66.258300778062,46.0,,2,2,SA1015-A95736A-R03-C04,False
1700,14.0,79500001,80000000,500000,104,0.38308,0.986208,1.6042510850506202,3.11666227112852,True,True,64.8277573062813,46.0,,2,2,SA1015-A95736A-R03-C04,False
1701,14.0,80000001,80500000,500000,106,0.382418,0.990962,1.63767056247747,3.1815880333036,True,True,64.7260825398504,46.0,,2,2,SA1015-A95736A-R03-C04,False
1702,14.0,80500001,81000000,500000,58,0.376638,0.995196,0.908282556670191,1.76456790478581,True,True,63.8567806615497,46.0,,2,2,SA1015-A95736A-R03-C04,False
1703,14.0,81000001,81500000,500000,87,0.368948,0.995189,1.3864211318676698,2.6934726576488,True,True,62.751495920147285,46.0,,2,2,SA1015-A95736A-R03-C04,False
1704,14.0,81500001,82000000,500000,74,0.402394,0.991946,1.08847325232735,2.114633769161,True,True,67.9851340781913,46.0,,2,2,SA1015-A95736A-R03-C04,False
1705,14.0,82000001,82500000,500000,97,0.394664,0.994295,1.4547715305532,2.8262605427778102,True,True,66.67713655567229,46.0,,2,2,SA1015-A95736A-R03-C04,False
1706,14.0,82500001,83000000,500000,64,0.36184,0.992255,1.03590156578396,2.01250001123107,True,True,61.78193190736749,46.0,,2,2,SA1015-A95736A-R03-C04,False
1707,14.0,83000001,83500000,500000,109,0.355612,0.998358,1.7876612715538898,3.472982808320089,True,True,60.97351983536222,46.0,,2,2,SA1015-A95736A-R03-C04,False
1708,14.0,83500001,84000000,500000,66,0.35006,0.995659,1.09479550640371,2.12691634196515,True,True,60.2852309988038,46.0,,2,2,SA1015-A95736A-R03-C04,False
1709,14.0,84000001,84500000,500000,140,0.354034,0.996443,2.30358678218843,4.47529821186968,True,True,60.7747887262136,46.0,,2,2,SA1015-A95736A-R03-C04,False
1710,14.0,84500001,85000000,500000,189,0.359392,0.998759,3.07519116780712,5.9743343037288295,True,True,61.45959378999311,46.0,,2,2,SA1015-A95736A-R03-C04,False
1711,14.0,85000001,85500000,500000,53,0.359286,0.998974,0.8625491989518341,1.67571932499612,True,True,61.44577035652621,46.0,,2,2,SA1015-A95736A-R03-C04,False
1712,14.0,85500001,86000000,500000,74,0.373696,0.998434,1.16669535685247,2.26659993219715,True,True,63.42701165764321,46.0,,2,2,SA1015-A95736A-R03-C04,False
1713,14.0,86000001,86500000,500000,68,0.373282,0.989382,1.073110004626,2.08478678640436,True,True,63.3672220991916,46.0,,2,2,SA1015-A95736A-R03-C04,False
1714,14.0,86500001,87000000,500000,167,0.357158,0.986852,2.73006914829279,5.30384775260267,True,True,61.170611778984096,46.0,,2,2,SA1015-A95736A-R03-C04,False
1715,14.0,87000001,87500000,500000,80,0.36246,0.995647,1.2931484967224198,2.51226704364308,True,True,61.864511463893,46.0,,2,2,SA1015-A95736A-R03-C04,False
1716,14.0,87500001,88000000,500000,73,0.374816,0.993878,1.14798625203842,2.23025277828595,True,True,63.589611696462,46.0,,2,2,SA1015-A95736A-R03-C04,False
1717,14.0,88000001,88500000,500000,59,0.397204,0.998883,0.879279336064476,1.70822183511792,True,True,67.10040550261911,46.0,,2,2,SA1015-A95736A-R03-C04,False
1718,14.0,88500001,89000000,500000,42,0.409572,0.994259,0.6064745417854929,1.1782297299946398,True,True,69.2527008245883,46.0,,2,2,SA1015-A95736A-R03-C04,False
1719,14.0,89000001,89500000,500000,138,0.398034,0.99896,2.05234666452471,3.98720092896108,True,True,67.240102457037,46.0,,2,2,SA1015-A95736A-R03-C04,False
1720,14.0,89500001,90000000,500000,63,0.4445520000000001,0.999526,0.8272074257132751,1.60705901846815,True,True,76.1598579046569,46.0,,2,2,SA1015-A95736A-R03-C04,False
1721,14.0,90000001,90500000,500000,153,0.41789,0.999027,2.16146302313984,4.19918697106368,True,True,70.785388582658,46.0,,2,2,SA1015-A95736A-R03-C04,False
1722,14.0,90500001,91000000,500000,89,0.450704,0.994833,1.1483886015858702,2.2310344437409504,True,True,77.4998984464799,46.0,,2,2,SA1015-A95736A-R03-C04,False
1723,14.0,91000001,91500000,500000,76,0.436658,0.998647,1.02019913019259,1.98199407046626,True,True,74.4952605337477,46.0,,2,2,SA1015-A95736A-R03-C04,False
1724,14.0,91500001,92000000,500000,118,0.47139,0.992457,1.4341170573898,2.7861340202912404,True,True,82.28059166576571,46.0,,2,2,SA1015-A95736A-R03-C04,False
1725,14.0,92000001,92500000,500000,62,0.40416,0.992678,0.907862743876241,1.76375231257083,True,True,68.2922615981384,46.0,,2,2,SA1015-A95736A-R03-C04,False
1726,14.0,92500001,93000000,500000,71,0.457608,0.999046,0.8981843201083051,1.74494953382715,True,True,79.04836280312558,46.0,,2,2,SA1015-A95736A-R03-C04,False
1727,14.0,93000001,93500000,500000,89,0.482038,0.995225,1.04821072589216,2.03641365869936,True,True,84.9065915865816,46.0,,2,2,SA1015-A95736A-R03-C04,False
1728,14.0,93500001,94000000,500000,34,0.43186,0.997171,0.462499088956888,0.8985211070857809,True,True,73.51365832240441,46.0,,2,2,SA1015-A95736A-R03-C04,False
1729,14.0,94000001,94500000,500000,104,0.469694,0.999499,1.27026485480917,2.46780979873818,True,True,81.8726894680748,46.0,,2,2,SA1015-A95736A-R03-C04,False
1730,14.0,94500001,95000000,500000,93,0.4320600000000001,0.999011,1.26437512554775,2.45636751445534,True,True,73.5541202297148,46.0,,2,2,SA1015-A95736A-R03-C04,False
1731,14.0,95000001,95500000,500000,118,0.468218,0.997893,1.44749724831165,2.81212841519314,True,True,81.5200167997793,46.0,,2,2,SA1015-A95736A-R03-C04,False
1732,14.0,95500001,96000000,500000,85,0.462726,0.999145,1.05949748034025,2.0583410253564,True,True,80.2267127362139,46.0,,2,2,SA1015-A95736A-R03-C04,False
1733,14.0,96000001,96500000,500000,86,0.4512600000000001,0.999692,1.10792113210864,2.1524161797403703,True,True,77.62285374620609,46.0,,2,2,SA1015-A95736A-R03-C04,False
1734,14.0,96500001,97000000,500000,68,0.440962,0.99953,0.90191429524825,1.7521959511113605,True,True,75.3951903836751,46.0,,2,2,SA1015-A95736A-R03-C04,False
1735,14.0,97000001,97500000,500000,69,0.433832,0.997627,0.933513004404913,1.81358441178478,True,True,73.9143425687845,46.0,,2,2,SA1015-A95736A-R03-C04,False
1736,14.0,97500001,98000000,500000,81,0.4283,0.998323,1.11263640429071,2.16157678498783,True,True,72.800062704794,46.0,,2,2,SA1015-A95736A-R03-C04,False
1737,14.0,98000001,98500000,500000,67,0.416588,0.999121,0.949802808724308,1.84523146441852,True,True,70.5409579594616,46.0,,2,2,SA1015-A95736A-R03-C04,False
1738,14.0,98500001,99000000,500000,140,0.41003,0.999717,2.01917318706427,3.9227530837537,True,True,69.3353105602347,46.0,,2,2,SA1015-A95736A-R03-C04,False
1739,14.0,99000001,99500000,500000,104,0.435086,0.99873,1.40216259456949,2.7240544184170004,True,True,74.1711413517856,46.0,,2,2,SA1015-A95736A-R03-C04,False
1740,14.0,99500001,100000000,500000,276,0.474312,0.999366,3.32570040827684,6.461011673385348,True,False,82.9900370199025,46.0,,2,2,SA1015-A95736A-R03-C04,False
1741,14.0,100000001,100500000,500000,80,0.48454,0.999849,0.935235854748805,1.81693148302297,True,True,85.539919790059,46.0,,2,2,SA1015-A95736A-R03-C04,False
1742,14.0,100500001,101000000,500000,124,0.48842,0.997853,1.43295750726778,2.78388130177949,True,True,86.534317571238,46.0,,2,2,SA1015-A95736A-R03-C04,False
1743,14.0,101000001,101500000,500000,236,0.49828,0.998332,2.64786581417995,5.14414704715956,True,True,89.128383597146,46.0,,2,2,SA1015-A95736A-R03-C04,False
1744,14.0,101500001,102000000,500000,91,0.474092,0.994237,1.0972272612266,2.13164063891578,True,True,82.9363279748172,46.0,,2,2,SA1015-A95736A-R03-C04,False
1745,14.0,102000001,102500000,500000,98,0.46442,0.996995,1.21554238625569,2.3614976043984504,True,True,80.6224456737171,46.0,,2,2,SA1015-A95736A-R03-C04,False
1746,14.0,102500001,103000000,500000,85,0.47795,0.998997,1.01329034806008,1.96857201901028,True,True,83.8851373278455,46.0,,2,2,SA1015-A95736A-R03-C04,False
1747,14.0,103000001,103500000,500000,110,0.48149,0.998129,1.29764871077278,2.5210098442392503,True,True,84.7687044165382,46.0,,2,2,SA1015-A95736A-R03-C04,False
1748,14.0,103500001,104000000,500000,91,0.486608,0.999095,1.05730268527844,2.05407708249499,True,True,86.06806855506571,46.0,,2,2,SA1015-A95736A-R03-C04,False
1749,14.0,104000001,104500000,500000,99,0.481846,0.999609,1.1666514875942902,2.26651470510076,True,True,84.8582469166902,46.0,,2,2,SA1015-A95736A-R03-C04,False
1750,14.0,104500001,105000000,500000,112,0.536118,0.997597,1.12026198095901,2.17639139058116,True,True,99.9766143131281,46.0,,2,2,SA1015-A95736A-R03-C04,False
1751,14.0,105000001,105500000,500000,153,0.563538,0.998017,1.40723577200447,2.73391034486997,True,True,108.723785341291,46.0,,2,2,SA1015-A95736A-R03-C04,False
1752,14.0,105500001,106000000,500000,113,0.57607,0.973526,1.00027057130032,1.94327781950262,True,True,112.969433713424,46.0,,2,2,SA1015-A95736A-R03-C04,False
1753,14.0,106000001,106500000,500000,61,0.52832,0.951401,0.6248402734962719,1.21390979506554,True,True,97.62494926691679,46.0,,2,2,SA1015-A95736A-R03-C04,False
1754,14.0,106500001,107000000,500000,73,0.410542,0.987283,1.05145040424212,2.04270755083258,True,True,69.42790616226719,46.0,,2,2,SA1015-A95736A-R03-C04,False
1755,14.0,107000001,107500000,500000,46,-1.0,0.8221649999999999,,,False,False,,,,2,2,SA1015-A95736A-R03-C04,True
