chr,start,end,width,reads,gc,map,cor_gc,copy,valid,ideal,modal_curve,modal_quantile,cor_map,multiplier,state,cell_id,is_low_mappability
1,1,500000,500000,44,-1,0.348523,NA,NA,FALSE,FALSE,NA,NA,NA,2,2,SA1015-A95736A-R03-C04,TRUE
1,500001,1000000,500000,35,-1,0.7703909999999999,NA,NA,FALSE,FALSE,NA,NA,NA,2,2,SA1015-A95736A-R03-C04,TRUE
1,1000001,1500000,500000,109,0.598332,0.982072,0.9016095664413442,1.7516039385615398,TRUE,FALSE,120.894901803475,46,NA,2,2,SA1015-A95736A-R03-C04,FALSE
1,1500001,2000000,500000,85,0.5394979999999999,0.9630040000000001,0.841462240191164,1.63475259017845,TRUE,TRUE,101.01463374124701,46,NA,2,2,SA1015-A95736A-R03-C04,FALSE
1,2000001,2500000,500000,91,0.594508,0.997066,0.761515065286986,1.47943504292599,TRUE,TRUE,119.49862077345199,46,NA,2,2,SA1015-A95736A-R03-C04,FALSE
1,2500001,3000000,500000,114,-1,0.8549950000000001,NA,NA,FALSE,FALSE,NA,NA,NA,2,2,SA1015-A95736A-R03-C04,TRUE
1,3000001,3500000,500000,206,0.584572,0.9969889999999999,1.7768070277222698,3.45189570260024,TRUE,TRUE,115.93830775426201,46,NA,2,2,SA1015-A95736A-R03-C04,FALSE
1,3500001,4000000,500000,56,-1,0.696429,NA,NA,FALSE,FALSE,NA,NA,NA,2,2,SA1015-A95736A-R03-C04,TRUE
1,4000001,4500000,500000,79,0.482574,0.9962340000000001,0.9289555168767901,1.80473034301562,TRUE,TRUE,85.0417469564132,46,NA,2,2,SA1015-A95736A-R03-C04,FALSE
1,4500001,5000000,500000,112,0.481828,0.9990020000000001,1.3199186158551202,2.5642747505862,TRUE,TRUE,84.8537164751179,46,NA,2,2,SA1015-A95736A-R03-C04,FALSE
1,5000001,5500000,500000,69,0.447446,0.997099,0.898606373921746,1.7457694797876,TRUE,TRUE,76.7855670763457,46,NA,2,2,SA1015-A95736A-R03-C04,FALSE
1,5500001,6000000,500000,93,0.49113,0.9974940000000001,1.06605287625279,2.0710765349678897,TRUE,TRUE,87.2376990594482,46,NA,2,2,SA1015-A95736A-R03-C04,FALSE
1,6000001,6500000,500000,99,0.545072,0.9978540000000001,0.9634928524601272,1.87182782654607,TRUE,TRUE,102.75115144572099,46,NA,2,2,SA1015-A95736A-R03-C04,FALSE
1,6500001,7000000,500000,83,0.489968,0.999179,0.9547339791225892,1.85481150639327,TRUE,TRUE,86.93521107971658,46,NA,2,2,SA1015-A95736A-R03-C04,FALSE
1,7000001,7500000,500000,77,0.47067200000000003,0.99554,0.9377942895908399,1.82190188785525,TRUE,TRUE,82.1075590400482,46,NA,2,2,SA1015-A95736A-R03-C04,FALSE
1,7500001,8000000,500000,95,0.48825,0.998566,1.09838733596752,2.13389437663203,TRUE,TRUE,86.49043637809099,46,NA,2,2,SA1015-A95736A-R03-C04,FALSE
1,8000001,8500000,500000,65,0.4627020000000001,0.998576,0.810260374071984,1.57413509717586,TRUE,TRUE,80.2211265415101,46,NA,2,2,SA1015-A95736A-R03-C04,FALSE
1,8500001,9000000,500000,35,0.4260100000000001,0.997957,0.483775095297798,0.939855114499535,TRUE,TRUE,72.3476680387092,46,NA,2,2,SA1015-A95736A-R03-C04,FALSE
1,9000001,9500000,500000,111,0.506692,0.999332,1.21420841345196,2.3589060258439196,TRUE,TRUE,91.41758430451807,46,NA,2,2,SA1015-A95736A-R03-C04,FALSE
1,9500001,10000000,500000,183,0.49724799999999997,0.999216,2.0595962786674,4.0012851325432415,TRUE,TRUE,88.8523648520109,46,NA,2,2,SA1015-A95736A-R03-C04,FALSE
1,10000001,10500000,500000,50,0.445162,0.999742,0.6553848219935671,1.2732502828341101,TRUE,TRUE,76.2910557615732,46,NA,2,2,SA1015-A95736A-R03-C04,FALSE
1,10500001,11000000,500000,86,0.511386,0.9994629999999999,0.9274693025285592,1.80184299687068,TRUE,TRUE,92.7254409019665,46,NA,2,2,SA1015-A95736A-R03-C04,FALSE
1,11000001,11500000,500000,66,0.48021199999999997,0.996129,0.781543350200807,1.51834503683405,TRUE,TRUE,84.44829065853129,46,NA,2,2,SA1015-A95736A-R03-C04,FALSE
1,11500001,12000000,500000,100,0.519874,0.9993,1.05101873908136,2.04186893240629,TRUE,TRUE,95.14578216503072,46,NA,2,2,SA1015-A95736A-R03-C04,FALSE
1,12000001,12500000,500000,67,0.47629399999999994,0.9984059999999999,0.8026252583202941,1.5593019595076103,TRUE,TRUE,83.4760672000471,46,NA,2,2,SA1015-A95736A-R03-C04,FALSE
1,12500001,13000000,500000,102,0.462062,0.9821030000000001,1.27384761822289,2.47477022012233,TRUE,TRUE,80.0723717192308,46,NA,2,2,SA1015-A95736A-R03-C04,FALSE
1,13000001,13500000,500000,0,-1,0.530345,NA,NA,FALSE,FALSE,NA,NA,NA,2,2,SA1015-A95736A-R03-C04,TRUE
1,13500001,14000000,500000,26,-1,0.688451,NA,NA,FALSE,FALSE,NA,NA,NA,2,2,SA1015-A95736A-R03-C04,TRUE
1,14000001,14500000,500000,120,0.4314,0.996742,1.63441542295546,3.1752641039448704,TRUE,TRUE,73.4207462280355,46,NA,2,2,SA1015-A95736A-R03-C04,FALSE
1,14500001,15000000,500000,79,0.43112399999999995,0.9962469999999999,1.07680628126072,2.09196773584454,TRUE,TRUE,73.3650995307228,46,NA,2,2,SA1015-A95736A-R03-C04,FALSE
1,15000001,15500000,500000,88,0.49493400000000004,0.9998530000000001,0.9973107150419028,1.9375275523439897,TRUE,TRUE,88.2372952308074,46,NA,2,2,SA1015-A95736A-R03-C04,FALSE
1,15500001,16000000,500000,72,0.47272600000000004,0.9989520000000001,0.871629377751333,1.6933598620312602,TRUE,TRUE,82.6039161113967,46,NA,2,2,SA1015-A95736A-R03-C04,FALSE
1,16000001,16500000,500000,56,0.5130819999999999,0.997441,0.60083676927031,1.1672769352264099,TRUE,TRUE,93.2033505006851,46,NA,2,2,SA1015-A95736A-R03-C04,FALSE
1,16500001,17000000,500000,35,0.479312,0.9855940000000001,0.415560397724711,0.8073308630007281,TRUE,TRUE,84.2236175334153,46,NA,2,2,SA1015-A95736A-R03-C04,FALSE
1,17000001,17500000,500000,52,-1,0.893394,NA,NA,FALSE,FALSE,NA,NA,NA,2,2,SA1015-A95736A-R03-C04,TRUE
1,17500001,18000000,500000,118,0.513392,0.999589,1.26485925429784,2.45730805663344,TRUE,TRUE,93.29101210197919,46,NA,2,2,SA1015-A95736A-R03-C04,FALSE
1,18000001,18500000,500000,133,0.49452799999999997,0.9995229999999999,1.5091355070340202,2.93187627586671,TRUE,TRUE,88.12992562966829,46,NA,2,2,SA1015-A95736A-R03-C04,FALSE
1,18500001,19000000,500000,295,0.48869799999999997,0.999556,3.40622509229668,6.6174511777234395,TRUE,FALSE,86.6061378818314,46,NA,2,2,SA1015-A95736A-R03-C04,FALSE
1,19000001,19500000,500000,179,0.49686,0.999692,2.01692724542017,3.9183897757587403,TRUE,TRUE,88.7488631067159,46,NA,2,2,SA1015-A95736A-R03-C04,FALSE
1,19500001,20000000,500000,138,0.477782,0.9983350000000001,1.64592338625924,3.19762122458555,TRUE,TRUE,83.84351370912759,46,NA,2,2,SA1015-A95736A-R03-C04,FALSE
1,20000001,20500000,500000,55,0.46249399999999996,0.999567,0.686018741965597,1.33276439722886,TRUE,TRUE,80.172736742458,46,NA,2,2,SA1015-A95736A-R03-C04,FALSE
1,20500001,21000000,500000,113,0.4851180000000001,0.99975,1.31875145111204,2.5620072387529103,TRUE,TRUE,85.6871095040027,46,NA,2,2,SA1015-A95736A-R03-C04,FALSE
1,21000001,21500000,500000,78,0.41547,0.9951059999999999,1.10901930050968,2.1545496487807,TRUE,TRUE,70.33240987253589,46,NA,2,2,SA1015-A95736A-R03-C04,FALSE
1,21500001,22000000,500000,82,0.505598,0.9979610000000001,0.899952645446434,1.74838495170892,TRUE,TRUE,91.11590528113041,46,NA,2,2,SA1015-A95736A-R03-C04,FALSE
1,22000001,22500000,500000,106,0.48991999999999997,0.992288,1.21947368839146,2.36913515013996,TRUE,TRUE,86.92274463077509,46,NA,2,2,SA1015-A95736A-R03-C04,FALSE
1,22500001,23000000,500000,160,0.493016,0.9999950000000001,1.82374627462325,3.54308702621207,TRUE,TRUE,87.73150203311741,46,NA,2,2,SA1015-A95736A-R03-C04,FALSE
1,23000001,23500000,500000,159,0.47373000000000004,0.998816,1.9191759802076798,3.72848329348685,TRUE,TRUE,82.8480564782778,46,NA,2,2,SA1015-A95736A-R03-C04,FALSE
1,23500001,24000000,500000,88,0.472092,0.999129,1.0673101333098,2.07351907383927,TRUE,TRUE,82.45026188133929,46,NA,2,2,SA1015-A95736A-R03-C04,FALSE
1,24000001,24500000,500000,74,0.47327600000000003,0.9171739999999999,0.894394548227313,1.73758694629473,TRUE,TRUE,82.7375347341593,46,NA,2,2,SA1015-A95736A-R03-C04,FALSE
1,24500001,25000000,500000,74,0.456138,0.999192,0.940103833031728,1.82638875837871,TRUE,TRUE,78.7147093756212,46,NA,2,2,SA1015-A95736A-R03-C04,FALSE
1,25000001,25500000,500000,65,0.482684,0.99398,0.764080960823337,1.4844199420383,TRUE,TRUE,85.0695192430383,46,NA,2,2,SA1015-A95736A-R03-C04,FALSE
1,25500001,26000000,500000,44,0.46582399999999996,0.9884200000000001,0.543528039604502,1.0559402765074999,TRUE,TRUE,80.9525853201917,46,NA,2,2,SA1015-A95736A-R03-C04,FALSE
1,26000001,26500000,500000,93,0.48793800000000004,0.9992610000000001,1.07626462108759,2.09091542436969,TRUE,TRUE,86.4099759276868,46,NA,2,2,SA1015-A95736A-R03-C04,FALSE
1,26500001,27000000,500000,56,0.48615,0.9978549999999999,0.651536026827463,1.26577302768666,TRUE,TRUE,85.95073440939541,46,NA,2,2,SA1015-A95736A-R03-C04,FALSE
1,27000001,27500000,500000,75,0.492838,0.996179,0.855336907748386,1.66170763063503,TRUE,TRUE,87.6847465841643,46,NA,2,2,SA1015-A95736A-R03-C04,FALSE
1,27500001,28000000,500000,117,0.498338,0.9981209999999999,1.31248423962523,2.5498316000588597,TRUE,TRUE,89.1439275746336,46,NA,2,2,SA1015-A95736A-R03-C04,FALSE
1,28000001,28500000,500000,33,0.444136,0.99659,0.4338075615790341,0.842780580111609,TRUE,TRUE,76.07059655641301,46,NA,2,2,SA1015-A95736A-R03-C04,FALSE
1,28500001,29000000,500000,36,0.460588,0.998864,0.451516455751044,0.877184572631002,TRUE,TRUE,79.731313314192093,46,NA,2,2,SA1015-A95736A-R03-C04,FALSE
1,29000001,29500000,500000,51,0.44901199999999997,0.99845,0.661241821089507,1.28462898051707,TRUE,TRUE,77.12760804507029,46,NA,2,2,SA1015-A95736A-R03-C04,FALSE
1,29500001,30000000,500000,79,-1,0.7544390000000001,NA,NA,FALSE,FALSE,NA,NA,NA,2,2,SA1015-A95736A-R03-C04,TRUE
1,30000001,30500000,500000,107,-1,0.942161,NA,NA,FALSE,FALSE,NA,NA,NA,2,2,SA1015-A95736A-R03-C04,FALSE
1,30500001,31000000,500000,85,0.48158599999999996,0.990276,1.00244315028686,1.94749860203566,TRUE,TRUE,84.7928383526553,46,NA,2,2,SA1015-A95736A-R03-C04,FALSE
1,31000001,31500000,500000,173,0.479274,0.9959120000000001,2.0542866263659,3.9909697940310096,TRUE,TRUE,84.2141489798055,46,NA,2,2,SA1015-A95736A-R03-C04,FALSE
1,31500001,32000000,500000,76,0.46007,0.998933,0.95463034172371,1.85461016461207,TRUE,TRUE,79.6119677725433,46,NA,2,2,SA1015-A95736A-R03-C04,FALSE
1,32000001,32500000,500000,93,0.48865600000000003,0.998856,1.07396150686445,2.0864410442229198,TRUE,TRUE,86.595282424529,46,NA,2,2,SA1015-A95736A-R03-C04,FALSE
1,32500001,33000000,500000,77,0.4754560000000001,0.99933400000000006,0.924701702334404,1.7964662355974201,TRUE,TRUE,83.2700965139504,46,NA,2,2,SA1015-A95736A-R03-C04,FALSE
1,33000001,33500000,500000,77,0.469764,0.9978959999999999,0.940291849656409,1.8267540280836496,TRUE,TRUE,81.88946870924859,46,NA,2,2,SA1015-A95736A-R03-C04,FALSE
1,33500001,34000000,500000,73,0.46556800000000004,0.994841,0.9024351025780792,1.7532077506797201,TRUE,TRUE,80.89224343274479,46,NA,2,2,SA1015-A95736A-R03-C04,FALSE
1,34000001,34500000,500000,71,0.452504,0.9957459999999999,0.911435859050134,1.7706939898161498,TRUE,TRUE,77.89906365324892,46,NA,2,2,SA1015-A95736A-R03-C04,FALSE
1,34500001,35000000,500000,131,0.43952399999999997,0.989484,1.74451564152265,3.38916154210091,TRUE,TRUE,75.09247660609141,46,NA,2,2,SA1015-A95736A-R03-C04,FALSE
1,35000001,35500000,500000,71,0.452928,0.9884139999999999,0.910331617176338,1.76854872152347,TRUE,TRUE,77.99355604084971,46,NA,2,2,SA1015-A95736A-R03-C04,FALSE
1,35500001,36000000,500000,74,0.41326599999999997,0.997992,1.05827812708774,2.05597212418333,TRUE,TRUE,69.9249073621499,46,NA,2,2,SA1015-A95736A-R03-C04,FALSE
1,36000001,36500000,500000,102,0.43463599999999997,0.9995940000000001,1.37691197503267,2.6749987226058103,TRUE,TRUE,74.0788095750126,46,NA,2,2,SA1015-A95736A-R03-C04,FALSE
1,36500001,37000000,500000,107,0.486274,0.999791,1.2444395470905902,2.4176376262168,TRUE,TRUE,85.98248123033251,46,NA,2,2,SA1015-A95736A-R03-C04,FALSE
1,37000001,37500000,500000,86,0.48945,0.998553,0.990774303241069,1.9248289241566297,TRUE,TRUE,86.8007978392986,46,NA,2,2,SA1015-A95736A-R03-C04,FALSE
1,37500001,38000000,500000,70,0.47098,0.996122,0.8517709060800821,1.6547797731681002,TRUE,TRUE,82.18172222170121,46,NA,2,2,SA1015-A95736A-R03-C04,FALSE
1,38000001,38500000,500000,76,0.4754140000000001,0.9986450000000001,0.9128055505630848,1.7733549609704,TRUE,TRUE,83.2597916972763,46,NA,2,2,SA1015-A95736A-R03-C04,FALSE
1,38500001,39000000,500000,113,0.45753,0.9988799999999999,1.42982582516433,2.77779721958815,TRUE,TRUE,79.03060499485159,46,NA,2,2,SA1015-A95736A-R03-C04,FALSE
1,39000001,39500000,500000,56,0.44863000000000003,0.997265,0.726857862613436,1.4121046873463299,TRUE,TRUE,77.0439488659455,46,NA,2,2,SA1015-A95736A-R03-C04,FALSE
1,39500001,40000000,500000,60,0.439456,0.9981690000000001,0.7991666013341309,1.55258264615449,TRUE,TRUE,75.0782126027737,46,NA,2,2,SA1015-A95736A-R03-C04,FALSE
1,40000001,40500000,500000,72,0.474774,0.99749,0.8663949027356159,1.68319057435386,TRUE,TRUE,83.1029819920018,46,NA,2,2,SA1015-A95736A-R03-C04,FALSE
1,40500001,41000000,500000,101,0.4242260000000001,0.991994,1.40280052005593,2.72529374953787,TRUE,TRUE,71.99883273209291,46,NA,2,2,SA1015-A95736A-R03-C04,FALSE
1,41000001,41500000,500000,88,0.469254,0.9993770000000001,1.0762244393090101,2.09083736113229,TRUE,TRUE,81.7673310378456,46,NA,2,2,SA1015-A95736A-R03-C04,FALSE
1,41500001,42000000,500000,92,0.459646,0.9972709999999999,1.15702200631945,2.2478070094915803,TRUE,TRUE,79.5144772506593,46,NA,2,2,SA1015-A95736A-R03-C04,FALSE
1,42000001,42500000,500000,104,0.458744,0.9939450000000001,1.31134854061743,2.5476252183509196,TRUE,TRUE,79.3076720480683,46,NA,2,2,SA1015-A95736A-R03-C04,FALSE
1,42500001,43000000,500000,134,0.410184,0.992973,1.9318619519389493,3.75312899255222,TRUE,TRUE,69.3631342889218,46,NA,2,2,SA1015-A95736A-R03-C04,FALSE
1,43000001,43500000,500000,55,0.444082,0.998365,0.7231226267316919,1.4048480497446,TRUE,TRUE,76.05902231075841,46,NA,2,2,SA1015-A95736A-R03-C04,FALSE
1,43500001,44000000,500000,75,0.46556000000000003,0.9949520000000001,0.927180953551516,1.8012828062708202,TRUE,TRUE,80.8903587942748,46,NA,2,2,SA1015-A95736A-R03-C04,FALSE
1,44000001,44500000,500000,130,0.489678,0.9998049999999999,1.4966625399535098,2.90764439204808,TRUE,TRUE,86.85992769220941,46,NA,2,2,SA1015-A95736A-R03-C04,FALSE
1,44500001,45000000,500000,73,0.44897600000000004,0.999575,0.9465802276377092,1.83897078803073,TRUE,TRUE,77.1197177678,46,NA,2,2,SA1015-A95736A-R03-C04,FALSE
1,45000001,45500000,500000,57,0.4763,0.9983350000000001,0.682818360125316,1.3265468484749499,TRUE,TRUE,83.4775444373507,46,NA,2,2,SA1015-A95736A-R03-C04,FALSE
1,45500001,46000000,500000,35,0.42688400000000004,0.991461,0.482627372247831,0.937625373057644,TRUE,TRUE,72.5197160637365,46,NA,2,2,SA1015-A95736A-R03-C04,FALSE
1,46000001,46500000,500000,106,0.42513999999999996,0.9926209999999999,1.46860865912069,2.85314265428076,TRUE,TRUE,72.17715852463091,46,NA,2,2,SA1015-A95736A-R03-C04,FALSE
1,46500001,47000000,500000,75,0.47759799999999997,0.9944350000000001,0.895009876030896,1.73878237571826,TRUE,TRUE,83.7979579986344,46,NA,2,2,SA1015-A95736A-R03-C04,FALSE
1,47000001,47500000,500000,43,0.432612,0.993806,0.5837156851020711,1.13401491186534,TRUE,TRUE,73.6660005846526,46,NA,2,2,SA1015-A95736A-R03-C04,FALSE
1,47500001,48000000,500000,59,0.44435,0.9959629999999999,0.775127669147155,1.5058809585673505,TRUE,TRUE,76.1164932544797,46,NA,2,2,SA1015-A95736A-R03-C04,FALSE
1,48000001,48500000,500000,105,0.4783600000000001,0.9980979999999999,1.25019592219852,2.4288208364290496,TRUE,TRUE,83.98683609154101,46,NA,2,2,SA1015-A95736A-R03-C04,FALSE
1,48500001,49000000,500000,65,0.40629,0.98244,0.946600091306825,1.8390093782169399,TRUE,TRUE,68.6668008982172,46,NA,2,2,SA1015-A95736A-R03-C04,FALSE
1,49000001,49500000,500000,83,0.42157,0.994978,1.16107741320344,2.25568566000158,TRUE,TRUE,71.48532824439451,46,NA,2,2,SA1015-A95736A-R03-C04,FALSE
1,49500001,50000000,500000,46,0.378352,0.9870450000000001,0.717504308214654,1.3939330492734099,TRUE,TRUE,64.1111133039194,46,NA,2,2,SA1015-A95736A-R03-C04,FALSE
1,50000001,50500000,500000,97,0.37153800000000003,0.98492,1.53682312020717,2.98566644634469,TRUE,TRUE,63.1172180614541,46,NA,2,2,SA1015-A95736A-R03-C04,FALSE
1,50500001,51000000,500000,78,0.418322,0.998959,1.1006554983013899,2.13830085392017,TRUE,TRUE,70.86686081192092,46,NA,2,2,SA1015-A95736A-R03-C04,FALSE
1,51000001,51500000,500000,65,0.382956,0.994276,1.00295208204121,1.94848733030404,TRUE,TRUE,64.8086794612479,46,NA,2,2,SA1015-A95736A-R03-C04,FALSE
1,51500001,52000000,500000,49,0.4123439999999999,0.997733,0.7024499096072379,1.36468608376315,TRUE,TRUE,69.75586348555079,46,NA,2,2,SA1015-A95736A-R03-C04,FALSE
1,52000001,52500000,500000,65,0.413904,0.9981979999999999,0.9280096642538659,1.80289278578323,TRUE,TRUE,70.04237402232329,46,NA,2,2,SA1015-A95736A-R03-C04,FALSE
1,52500001,53000000,500000,52,0.41308,0.9970760000000001,0.7440184763334979,1.44544350682984,TRUE,TRUE,69.8907374669706,46,NA,2,2,SA1015-A95736A-R03-C04,FALSE
1,53000001,53500000,500000,160,0.431396,0.997921,2.17924451735425,4.2337320074727405,TRUE,TRUE,73.419939215564,46,NA,2,2,SA1015-A95736A-R03-C04,FALSE
1,53500001,54000000,500000,104,0.492008,0.9985280000000001,1.18901790454082,2.30996711008099,TRUE,TRUE,87.4671437686745,46,NA,2,2,SA1015-A95736A-R03-C04,FALSE
1,54000001,54500000,500000,80,0.459268,0.9992840000000001,1.0072051223774399,1.9567499336315601,TRUE,TRUE,79.4277136033275,46,NA,2,2,SA1015-A95736A-R03-C04,FALSE
1,54500001,55000000,500000,56,0.4878520000000001,0.9982690000000001,0.6482395719060239,1.25936883274619,TRUE,TRUE,86.3878146706514,46,NA,2,2,SA1015-A95736A-R03-C04,FALSE
1,55000001,55500000,500000,87,0.48352,0.997482,1.02015713087745,1.98191247620577,TRUE,TRUE,85.28098012231729,46,NA,2,2,SA1015-A95736A-R03-C04,FALSE
1,55500001,56000000,500000,78,0.41857,0.997849,1.0999282659499399,2.13688802169383,TRUE,TRUE,70.9137153890996,46,NA,2,2,SA1015-A95736A-R03-C04,FALSE
1,56000001,56500000,500000,88,0.399154,0.9977159999999999,1.30506308939946,2.53541414437964,TRUE,TRUE,67.4296903458471,46,NA,2,2,SA1015-A95736A-R03-C04,FALSE
1,56500001,57000000,500000,83,0.40812,0.990909,1.20303497141175,2.33719879711279,TRUE,TRUE,68.9921755995173,46,NA,2,2,SA1015-A95736A-R03-C04,FALSE
1,57000001,57500000,500000,63,0.402878,0.998922,0.9255314456319821,1.79807822118644,TRUE,TRUE,68.0690000294713,46,NA,2,2,SA1015-A95736A-R03-C04,FALSE
1,57500001,58000000,500000,84,0.405918,0.9986209999999999,1.2244707923437301,2.37884328466958,TRUE,TRUE,68.60106466011949,46,NA,2,2,SA1015-A95736A-R03-C04,FALSE
1,58000001,58500000,500000,81,0.4045,0.998451,1.18504653963975,2.30225173231539,TRUE,TRUE,68.3517459361753,46,NA,2,2,SA1015-A95736A-R03-C04,FALSE
1,58500001,59000000,500000,90,0.41397399999999995,0.9780840000000001,1.2846996162334299,2.4958529627684,TRUE,TRUE,70.0552867477835,46,NA,2,2,SA1015-A95736A-R03-C04,FALSE
1,59000001,59500000,500000,71,0.4223520000000001,0.99495,0.991124649929374,1.92550956094437,TRUE,TRUE,71.6357927381378,46,NA,2,2,SA1015-A95736A-R03-C04,FALSE
1,59500001,60000000,500000,68,0.407466,0.994132,0.9872884662120579,1.91805680671637,TRUE,TRUE,68.8755134159487,46,NA,2,2,SA1015-A95736A-R03-C04,FALSE
1,60000001,60500000,500000,92,0.39498,0.991859,1.37870166334318,2.67847564344844,TRUE,TRUE,66.72944730980569,46,NA,2,2,SA1015-A95736A-R03-C04,FALSE
1,60500001,61000000,500000,80,0.37483,0.9885280000000001,1.25802676001259,2.4440342135580098,TRUE,TRUE,63.591652056113396,46,NA,2,2,SA1015-A95736A-R03-C04,FALSE
1,61000001,61500000,500000,81,0.399528,0.9941399999999999,1.20011955391579,2.33153486345619,TRUE,TRUE,67.4932757621609,46,NA,2,2,SA1015-A95736A-R03-C04,FALSE
1,61500001,62000000,500000,59,0.395642,0.999885,0.8827134781655881,1.71489352212501,TRUE,TRUE,66.8393555320022,46,NA,2,2,SA1015-A95736A-R03-C04,FALSE
1,62000001,62500000,500000,42,0.40227199999999996,0.9972219999999999,0.617973940569758,1.20057021189648,TRUE,TRUE,67.964030912496,46,NA,2,2,SA1015-A95736A-R03-C04,FALSE
1,62500001,63000000,500000,71,0.43032600000000004,0.999605,0.9698839787194928,1.8842442009329798,TRUE,TRUE,73.2046322630662,46,NA,2,2,SA1015-A95736A-R03-C04,FALSE
1,63000001,63500000,500000,64,0.385316,0.9956870000000001,0.9819808627850001,1.9077454486594096,TRUE,TRUE,65.17438620798511,46,NA,2,2,SA1015-A95736A-R03-C04,FALSE
1,63500001,64000000,500000,88,0.392878,0.992088,1.3256338128333502,2.5753779618977704,TRUE,TRUE,66.38333991489921,46,NA,2,2,SA1015-A95736A-R03-C04,FALSE
1,64000001,64500000,500000,92,0.412872,0.9976370000000001,1.31705969524917,2.55872057638508,TRUE,TRUE,69.85256654034579,46,NA,2,2,SA1015-A95736A-R03-C04,FALSE
1,64500001,65000000,500000,85,0.408236,0.992826,1.2316535746917,2.39279765063775,TRUE,TRUE,69.0129121910574,46,NA,2,2,SA1015-A95736A-R03-C04,FALSE
1,65000001,65500000,500000,57,0.4055,0.998483,0.8317845211545349,1.61595118055304,TRUE,TRUE,68.52736321767901,46,NA,2,2,SA1015-A95736A-R03-C04,FALSE
1,65500001,66000000,500000,58,0.409854,0.994359,0.8368980770675241,1.62588555238163,TRUE,TRUE,69.30354076476189,46,NA,2,2,SA1015-A95736A-R03-C04,FALSE
1,66000001,66500000,500000,36,0.37137800000000004,0.982608,0.570573320797188,1.1084825551388,TRUE,TRUE,63.0944327184837,46,NA,2,2,SA1015-A95736A-R03-C04,FALSE
1,66500001,67000000,500000,70,0.383796,0.992125,1.0779477208010302,2.09418526998443,TRUE,TRUE,64.938214209482,46,NA,2,2,SA1015-A95736A-R03-C04,FALSE
1,67000001,67500000,500000,69,0.37243200000000004,0.9945860000000001,1.09099537658052,2.11953363151809,TRUE,TRUE,63.244997624339,46,NA,2,2,SA1015-A95736A-R03-C04,FALSE
1,67500001,68000000,500000,62,0.40677399999999997,0.9883190000000001,0.901784946463741,1.75194465848001,TRUE,TRUE,68.7525337866049,46,NA,2,2,SA1015-A95736A-R03-C04,FALSE
1,68000001,68500000,500000,110,0.41203199999999995,0.996549,1.5782182804329699,3.0660869835569304,TRUE,TRUE,69.6988505099703,46,NA,2,2,SA1015-A95736A-R03-C04,FALSE
1,68500001,69000000,500000,92,0.396932,0.9985360000000001,1.37201268383638,2.66548061401978,TRUE,TRUE,67.0547736794624,46,NA,2,2,SA1015-A95736A-R03-C04,FALSE
1,69000001,69500000,500000,28,0.373348,0.9835370000000001,0.4418024489831209,0.858312664937004,TRUE,TRUE,63.376742397980095,46,NA,2,2,SA1015-A95736A-R03-C04,FALSE
1,69500001,70000000,500000,75,0.369204,0.9908290000000001,1.19450815353104,2.32063330320148,TRUE,TRUE,62.7873487328617,46,NA,2,2,SA1015-A95736A-R03-C04,FALSE
1,70000001,70500000,500000,68,0.353898,0.989137,1.11919829772195,2.1743249176678603,TRUE,TRUE,60.757776471255596,46,NA,2,2,SA1015-A95736A-R03-C04,FALSE
1,70500001,71000000,500000,189,0.3768780000000001,0.997051,2.95810672703894,5.74686825276035,TRUE,TRUE,63.892218043528395,46,NA,2,2,SA1015-A95736A-R03-C04,FALSE
1,71000001,71500000,500000,57,0.377052,0.9927600000000001,0.8917683333130891,1.7324848615803603,TRUE,TRUE,63.91794580576122,46,NA,2,2,SA1015-A95736A-R03-C04,FALSE
1,71500001,72000000,500000,82,0.36809400000000003,0.9864459999999999,1.30922731962583,2.54350421167383,TRUE,TRUE,62.6323624406454,46,NA,2,2,SA1015-A95736A-R03-C04,FALSE
1,72000001,72500000,500000,83,0.353606,0.9891559999999999,1.3669006355412099,2.6555491711189703,TRUE,TRUE,60.7213120265594,46,NA,2,2,SA1015-A95736A-R03-C04,FALSE
1,72500001,73000000,500000,50,0.344518,0.9989389999999999,0.838523541800275,1.6290434275127899,TRUE,TRUE,59.6286180500694,46,NA,2,2,SA1015-A95736A-R03-C04,FALSE
1,73000001,73500000,500000,47,0.350444,0.9952629999999999,0.7790246313404972,1.51345179031132,TRUE,TRUE,60.3318535886668,46,NA,2,2,SA1015-A95736A-R03-C04,FALSE
1,73500001,74000000,500000,63,0.349042,0.995547,1.04716673156318,2.0343854364549,TRUE,TRUE,60.162339101391495,46,NA,2,2,SA1015-A95736A-R03-C04,FALSE
1,74000001,74500000,500000,106,0.357042,0.999693,1.7332796166990398,3.36733273053173,TRUE,TRUE,61.155741392651215,46,NA,2,2,SA1015-A95736A-R03-C04,FALSE
1,74500001,75000000,500000,60,0.356602,0.98954,0.982005444439888,1.9077932047226998,TRUE,TRUE,61.0994575841914,46,NA,2,2,SA1015-A95736A-R03-C04,FALSE
1,75000001,75500000,500000,50,0.37175,0.9951469999999999,0.7917976392705419,1.53826657914042,TRUE,TRUE,63.147447681283104,46,NA,2,2,SA1015-A95736A-R03-C04,FALSE
1,75500001,76000000,500000,82,0.374126,0.9851040000000001,1.29155638623986,2.50917396755375,TRUE,TRUE,63.489291581553495,46,NA,2,2,SA1015-A95736A-R03-C04,FALSE
1,76000001,76500000,500000,72,0.380542,0.9910979999999999,1.1173130634866202,2.1706623747727702,TRUE,TRUE,64.4403098405753,46,NA,2,2,SA1015-A95736A-R03-C04,FALSE
1,76500001,77000000,500000,77,0.38962199999999997,0.996921,1.16922025385503,2.2715051813191,TRUE,TRUE,65.8558554268316,46,NA,2,2,SA1015-A95736A-R03-C04,FALSE
1,77000001,77500000,500000,56,0.386936,0.991008,0.8558946398894599,1.66279116596044,TRUE,TRUE,65.4286139789735,46,NA,2,2,SA1015-A95736A-R03-C04,FALSE
1,77500001,78000000,500000,49,0.38295799999999997,0.9968469999999999,0.7560679811888249,1.46885270849305,TRUE,TRUE,64.8089870476375,46,NA,2,2,SA1015-A95736A-R03-C04,FALSE
1,78000001,78500000,500000,20,0.388162,0.995439,0.30477240835818,0.592097256634204,TRUE,TRUE,65.6227383172272,46,NA,2,2,SA1015-A95736A-R03-C04,FALSE
1,78500001,79000000,500000,46,0.384694,0.9923569999999999,0.7068498988186941,1.3732341723363901,TRUE,TRUE,65.07746563574021,46,NA,2,2,SA1015-A95736A-R03-C04,FALSE
1,79000001,79500000,500000,143,0.360244,0.990576,2.3225179321871297,4.51207674454443,TRUE,TRUE,61.571106951728,46,NA,2,2,SA1015-A95736A-R03-C04,FALSE
1,79500001,80000000,500000,49,0.35694000000000004,0.9944379999999999,0.8014042340317791,1.55692981192572,TRUE,TRUE,61.1426767157022,46,NA,2,2,SA1015-A95736A-R03-C04,FALSE
1,80000001,80500000,500000,66,0.355616,0.993634,1.08242810173177,2.1028895397444702,TRUE,TRUE,60.97402672233578,46,NA,2,2,SA1015-A95736A-R03-C04,FALSE
1,80500001,81000000,500000,54,0.35124,0.992152,0.89361122620344,1.73606514573576,TRUE,TRUE,60.428963308151594,46,NA,2,2,SA1015-A95736A-R03-C04,FALSE
1,81000001,81500000,500000,68,0.351246,0.986116,1.1252745358398002,2.18612954243562,TRUE,TRUE,60.429697673067295,46,NA,2,2,SA1015-A95736A-R03-C04,FALSE
1,81500001,82000000,500000,59,0.368816,0.99803,0.940493319236461,1.82714543354678,TRUE,TRUE,62.7330346672735,46,NA,2,2,SA1015-A95736A-R03-C04,FALSE
1,82000001,82500000,500000,308,0.36498800000000003,0.998756,4.95135753394719,9.619260576304528,TRUE,FALSE,62.2051625010534,46,NA,2,2,SA1015-A95736A-R03-C04,FALSE
1,82500001,83000000,500000,97,0.371044,0.988183,1.53853596422424,2.98899407776977,TRUE,TRUE,63.0469499937294,46,NA,2,2,SA1015-A95736A-R03-C04,FALSE
1,83000001,83500000,500000,64,0.36098,0.9959690000000001,1.0378151267849398,2.0162175860115097,TRUE,TRUE,61.6680161506859,46,NA,2,2,SA1015-A95736A-R03-C04,FALSE
1,83500001,84000000,500000,44,0.36709200000000003,0.9338420000000001,0.704073184189074,1.3678397039738799,TRUE,TRUE,62.493503499465895,46,NA,2,2,SA1015-A95736A-R03-C04,FALSE
1,84000001,84500000,500000,82,0.3813,0.9968670000000001,1.27022765665159,2.46773753193696,TRUE,TRUE,64.5553571209101,46,NA,2,2,SA1015-A95736A-R03-C04,FALSE
1,84500001,85000000,500000,56,0.37453600000000004,0.9850700000000001,0.881211920933979,1.71197636856014,TRUE,TRUE,63.5488452546655,46,NA,2,2,SA1015-A95736A-R03-C04,FALSE
1,85000001,85500000,500000,67,0.403988,0.99939,0.981509343773917,1.90682940407907,TRUE,TRUE,68.2622131159588,46,NA,2,2,SA1015-A95736A-R03-C04,FALSE
1,85500001,86000000,500000,78,0.39511599999999997,0.9963360000000001,1.1685044680032999,2.2701145868048997,TRUE,TRUE,66.7519912296813,46,NA,2,2,SA1015-A95736A-R03-C04,FALSE
1,86000001,86500000,500000,52,0.37708600000000003,0.974024,0.81347901474247,1.5803881183117101,TRUE,TRUE,63.9229765705291,46,NA,2,2,SA1015-A95736A-R03-C04,FALSE
1,86500001,87000000,500000,70,0.378056,0.9902479999999999,1.09260646042288,2.12266356814328,TRUE,TRUE,64.0669834341884,46,NA,2,2,SA1015-A95736A-R03-C04,FALSE
1,87000001,87500000,500000,432,0.38553000000000004,0.984248,6.62497223676335,12.8706791661249,TRUE,FALSE,65.2078204347397,46,NA,2,2,SA1015-A95736A-R03-C04,FALSE
1,87500001,88000000,500000,113,0.403886,0.999267,1.6558133352678002,3.2168349444487405,TRUE,TRUE,68.24440750244601,46,NA,2,2,SA1015-A95736A-R03-C04,FALSE
1,88000001,88500000,500000,68,0.380748,0.998117,1.05472928697746,2.04907760737043,TRUE,TRUE,64.4715196966493,46,NA,2,2,SA1015-A95736A-R03-C04,FALSE
1,88500001,89000000,500000,61,0.373594,0.9941120000000001,0.9619590131742701,1.86884795695038,TRUE,TRUE,63.4122651428904,46,NA,2,2,SA1015-A95736A-R03-C04,FALSE
1,89000001,89500000,500000,120,0.38298000000000004,0.999074,1.8514983882576104,3.5970025051007997,TRUE,TRUE,64.8123707593009,46,NA,2,2,SA1015-A95736A-R03-C04,FALSE
1,89500001,90000000,500000,36,0.39062399999999997,0.990267,0.54531354694688,1.05940907476524,TRUE,TRUE,66.0170652307429,46,NA,2,2,SA1015-A95736A-R03-C04,FALSE
1,90000001,90500000,500000,91,0.40092,0.988575,1.34354718870466,2.61017921168149,TRUE,TRUE,67.7311528504891,46,NA,2,2,SA1015-A95736A-R03-C04,FALSE
1,90500001,91000000,500000,61,0.38393,0.9907530000000001,0.939054693140098,1.82435053958126,TRUE,TRUE,64.95894269589621,46,NA,2,2,SA1015-A95736A-R03-C04,FALSE
1,91000001,91500000,500000,88,0.38992,0.997677,1.3352817075150702,2.59412143019307,TRUE,TRUE,65.903696204875,46,NA,2,2,SA1015-A95736A-R03-C04,FALSE
1,91500001,92000000,500000,63,0.39506399999999997,0.983632,0.943913989199325,1.8337909475281,TRUE,TRUE,66.743369333301,46,NA,2,2,SA1015-A95736A-R03-C04,FALSE
1,92000001,92500000,500000,82,0.4219560000000001,0.997822,1.1458992014243998,2.22619815618391,TRUE,TRUE,71.5595227730946,46,NA,2,2,SA1015-A95736A-R03-C04,FALSE
1,92500001,93000000,500000,54,0.394204,0.996067,0.810796631645463,1.57517691273855,TRUE,TRUE,66.6011646970095,46,NA,2,2,SA1015-A95736A-R03-C04,FALSE
1,93000001,93500000,500000,71,0.393194,0.99519,1.06871230206247,2.07624314022136,TRUE,TRUE,66.4350918979594,46,NA,2,2,SA1015-A95736A-R03-C04,FALSE
1,93500001,94000000,500000,56,0.384482,0.9935129999999999,0.860948789230719,1.6726101255431003,TRUE,TRUE,65.04451914037479,46,NA,2,2,SA1015-A95736A-R03-C04,FALSE
1,94000001,94500000,500000,80,0.432008,0.990933,1.08779015439392,2.11330667917088,TRUE,TRUE,73.5435963240293,46,NA,2,2,SA1015-A95736A-R03-C04,FALSE
1,94500001,95000000,500000,67,0.40418200000000004,0.995383,0.981022240123415,1.9058830824067399,TRUE,TRUE,68.2961071214566,46,NA,2,2,SA1015-A95736A-R03-C04,FALSE
1,95000001,95500000,500000,51,0.42527200000000004,0.999509,0.7063420304664241,1.37224750999471,TRUE,TRUE,72.20298070939201,46,NA,2,2,SA1015-A95736A-R03-C04,FALSE
1,95500001,96000000,500000,63,0.392104,0.9945299999999999,0.950842959200652,1.8472522190099496,TRUE,TRUE,66.2569979515465,46,NA,2,2,SA1015-A95736A-R03-C04,FALSE
1,96000001,96500000,500000,61,0.3697760000000001,0.9998600000000001,0.9702917068610232,1.88503631566329,TRUE,TRUE,62.86769181748471,46,NA,2,2,SA1015-A95736A-R03-C04,FALSE
1,96500001,97000000,500000,48,0.374178,0.9866889999999999,0.7559431837958079,1.4686102580873899,TRUE,TRUE,63.496835514778006,46,NA,2,2,SA1015-A95736A-R03-C04,FALSE
1,97000001,97500000,500000,66,0.37358,0.991894,1.04084132162855,2.02209673260024,TRUE,TRUE,63.41024191538961,46,NA,2,2,SA1015-A95736A-R03-C04,FALSE
1,97500001,98000000,500000,82,0.359166,0.991743,1.3348497527811,2.59328224919781,TRUE,TRUE,61.43013461189671,46,NA,2,2,SA1015-A95736A-R03-C04,FALSE
1,98000001,98500000,500000,75,0.34323400000000004,0.9972540000000001,1.26091046396599,2.44963653566111,TRUE,TRUE,59.480829244686696,46,NA,2,2,SA1015-A95736A-R03-C04,FALSE
1,98500001,99000000,500000,52,0.362604,0.995949,0.8402852706669169,1.63246603008529,TRUE,TRUE,61.8837456935651,46,NA,2,2,SA1015-A95736A-R03-C04,FALSE
1,99000001,99500000,500000,176,0.36724,0.9944270000000001,2.81537156248227,5.469569202578911,TRUE,TRUE,62.5139510341659,46,NA,2,2,SA1015-A95736A-R03-C04,FALSE
1,99500001,100000000,500000,50,0.37098400000000004,0.989693,0.793166938331246,1.54092678785722,TRUE,TRUE,63.0384318655486,46,NA,2,2,SA1015-A95736A-R03-C04,FALSE
1,100000001,100500000,500000,61,0.38249,0.998756,0.942272380892739,1.8306017094338998,TRUE,TRUE,64.73711979354279,46,NA,2,2,SA1015-A95736A-R03-C04,FALSE
1,100500001,101000000,500000,62,0.38606599999999996,0.998394,0.9495838191888721,1.84480602202411,TRUE,TRUE,65.2917612401609,46,NA,2,2,SA1015-A95736A-R03-C04,FALSE
1,101000001,101500000,500000,49,0.377296,0.9946360000000001,0.766174798575007,1.48848774986671,TRUE,TRUE,63.954074306717104,46,NA,2,2,SA1015-A95736A-R03-C04,FALSE
1,101500001,102000000,500000,81,0.38861799999999996,0.999218,1.23296452383631,2.39534449992865,TRUE,TRUE,65.69532085803449,46,NA,2,2,SA1015-A95736A-R03-C04,FALSE
1,102000001,102500000,500000,58,0.35491999999999996,0.996926,0.9525988955371292,1.85066356813191,TRUE,TRUE,60.886066813353096,46,NA,2,2,SA1015-A95736A-R03-C04,FALSE
1,102500001,103000000,500000,92,0.34678600000000004,0.9932120000000001,1.5360559020075601,2.9841759315252103,TRUE,TRUE,59.893653531593294,46,NA,2,2,SA1015-A95736A-R03-C04,FALSE
1,103000001,103500000,500000,42,0.346954,0.992409,0.701010759592031,1.36189017195316,TRUE,TRUE,59.9134883813237,46,NA,2,2,SA1015-A95736A-R03-C04,FALSE
1,103500001,104000000,500000,18,-1,0.743503,NA,NA,FALSE,FALSE,NA,NA,NA,2,2,SA1015-A95736A-R03-C04,TRUE
1,104000001,104500000,500000,52,0.35126799999999997,0.9038889999999999,0.860465711206237,1.67167162466443,TRUE,TRUE,60.432390649366205,46,NA,2,2,SA1015-A95736A-R03-C04,FALSE
1,104500001,105000000,500000,58,0.351878,0.9940559999999999,0.9585628107799721,1.8622499773909,TRUE,TRUE,60.5072503833171,46,NA,2,2,SA1015-A95736A-R03-C04,FALSE
1,105000001,105500000,500000,47,0.351526,0.9762930000000001,0.7773219441585121,1.5101438910996101,TRUE,TRUE,60.4640076781568,46,NA,2,2,SA1015-A95736A-R03-C04,FALSE
1,105500001,106000000,500000,44,0.339752,0.995348,0.7446487029380359,1.44666788093121,TRUE,TRUE,59.08826514623139,46,NA,2,2,SA1015-A95736A-R03-C04,FALSE
1,106000001,106500000,500000,62,0.345954,0.990475,1.03686150226264,2.01436492990475,TRUE,TRUE,59.7958356682195,46,NA,2,2,SA1015-A95736A-R03-C04,FALSE
1,106500001,107000000,500000,70,0.348978,0.9961959999999999,1.1636673650728602,2.2607172946071,TRUE,TRUE,60.154647368337,46,NA,2,2,SA1015-A95736A-R03-C04,FALSE
1,107000001,107500000,500000,48,0.358956,0.999288,0.781723228005603,1.51869449482902,TRUE,TRUE,61.4028063646792,46,NA,2,2,SA1015-A95736A-R03-C04,FALSE
1,107500001,108000000,500000,62,0.371584,0.9991909999999999,0.9821973010244921,1.9081659345181101,TRUE,TRUE,63.1237735385041,46,NA,2,2,SA1015-A95736A-R03-C04,FALSE
1,108000001,108500000,500000,49,0.382384,0.99672,0.757097336116596,1.4708524900091002,TRUE,TRUE,64.7208722874886,46,NA,2,2,SA1015-A95736A-R03-C04,FALSE
1,108500001,109000000,500000,20,0.39712,0.978318,0.298123437408573,0.579179953916708,TRUE,TRUE,67.086305504355,46,NA,2,2,SA1015-A95736A-R03-C04,FALSE
1,109000001,109500000,500000,79,0.403496,0.9889760000000001,1.15875837199458,2.2511803376688198,TRUE,TRUE,68.1764222026864,46,NA,2,2,SA1015-A95736A-R03-C04,FALSE
1,109500001,110000000,500000,136,0.450006,0.9987950000000001,1.7583332735532902,3.41600577666466,TRUE,TRUE,77.3459741935993,46,NA,2,2,SA1015-A95736A-R03-C04,FALSE
1,110000001,110500000,500000,96,0.472342,0.9854729999999999,1.16348400272001,2.26036106699882,TRUE,TRUE,82.5108035654724,46,NA,2,2,SA1015-A95736A-R03-C04,FALSE
1,110500001,111000000,500000,141,0.468466,0.999561,1.72838338220846,3.3578205603673603,TRUE,TRUE,81.5791226943154,46,NA,2,2,SA1015-A95736A-R03-C04,FALSE
1,111000001,111500000,500000,101,0.4240640000000001,0.996094,1.4034149272974399,2.7264873905374403,TRUE,TRUE,71.9673120439838,46,NA,2,2,SA1015-A95736A-R03-C04,FALSE
1,111500001,112000000,500000,86,0.40072399999999997,0.994024,1.27035630354096,2.46798746096,TRUE,TRUE,67.69754261878,46,NA,2,2,SA1015-A95736A-R03-C04,FALSE
1,112000001,112500000,500000,104,0.43462399999999995,0.997079,1.4039568607953,2.7275402330145098,TRUE,TRUE,74.07635013876941,46,NA,2,2,SA1015-A95736A-R03-C04,FALSE
1,112500001,113000000,500000,76,0.4320600000000001,0.985784,1.0332527907701998,2.00735409783447,TRUE,TRUE,73.5541202297148,46,NA,2,2,SA1015-A95736A-R03-C04,FALSE
1,113000001,113500000,500000,308,0.440924,0.9964860000000001,4.08557612426425,7.9372618669079005,TRUE,FALSE,75.3871646573384,46,NA,2,2,SA1015-A95736A-R03-C04,FALSE
1,113500001,114000000,500000,53,0.41371800000000003,0.9894649999999999,0.7570553995328041,1.4707710176200801,TRUE,TRUE,70.0080866376589,46,NA,2,2,SA1015-A95736A-R03-C04,FALSE
1,114000001,114500000,500000,44,0.385592,0.984452,0.674665382319117,1.31070763317835,TRUE,TRUE,65.217515457445,46,NA,2,2,SA1015-A95736A-R03-C04,FALSE
1,114500001,115000000,500000,89,0.43078999999999995,0.9980379999999999,1.2142237197361299,2.35893576216066,TRUE,TRUE,73.29785982054509,46,NA,2,2,SA1015-A95736A-R03-C04,FALSE
1,115000001,115500000,500000,127,0.387778,0.997266,1.93710433163284,3.76331363706025,TRUE,TRUE,65.5617758558974,46,NA,2,2,SA1015-A95736A-R03-C04,FALSE
1,115500001,116000000,500000,37,0.41188400000000003,0.9915309999999999,0.531061045824615,1.0317199973315898,TRUE,TRUE,69.6718395952909,46,NA,2,2,SA1015-A95736A-R03-C04,FALSE
1,116000001,116500000,500000,64,0.419806,0.9959680000000001,0.899531589951203,1.7475669452333302,TRUE,TRUE,71.1481405599906,46,NA,2,2,SA1015-A95736A-R03-C04,FALSE
1,116500001,117000000,500000,60,0.4154060000000001,0.993711,0.853236145184298,1.65762636961229,TRUE,TRUE,70.32050896887411,46,NA,2,2,SA1015-A95736A-R03-C04,FALSE
1,117000001,117500000,500000,76,0.442456,0.9914959999999999,1.00380572879955,1.95014575439324,TRUE,TRUE,75.7118611894042,46,NA,2,2,SA1015-A95736A-R03-C04,FALSE
1,117500001,118000000,500000,88,0.40993999999999997,0.992553,1.2694920988692,2.46630852546162,TRUE,TRUE,69.31906081052901,46,NA,2,2,SA1015-A95736A-R03-C04,FALSE
1,118000001,118500000,500000,78,0.40558,0.9979680000000001,1.13799742911217,2.21084697090496,TRUE,TRUE,68.54145537117179,46,NA,2,2,SA1015-A95736A-R03-C04,FALSE
1,118500001,119000000,500000,52,0.37785799999999997,0.994916,0.8120240454313271,1.57756147353026,TRUE,TRUE,64.037512549741,46,NA,2,2,SA1015-A95736A-R03-C04,FALSE
1,119000001,119500000,500000,90,0.37629,0.980248,1.4105367588786102,2.74032334427136,TRUE,TRUE,63.805497753600505,46,NA,2,2,SA1015-A95736A-R03-C04,FALSE
1,119500001,120000000,500000,105,0.412134,0.994144,1.5060785596655601,2.9259373847437002,TRUE,TRUE,69.7174787637346,46,NA,2,2,SA1015-A95736A-R03-C04,FALSE
1,120000001,120500000,500000,79,0.4255060000000001,0.994533,1.09344378474245,2.1242902817791998,TRUE,TRUE,72.24879879728591,46,NA,2,2,SA1015-A95736A-R03-C04,FALSE
1,120500001,121000000,500000,8,-1,0.71839,NA,NA,FALSE,FALSE,NA,NA,NA,2,2,SA1015-A95736A-R03-C04,TRUE
1,121000001,121500000,500000,16,-1,0.638421,NA,NA,FALSE,FALSE,NA,NA,NA,2,2,SA1015-A95736A-R03-C04,TRUE
1,121500001,122000000,500000,0,-1,0,NA,NA,FALSE,FALSE,NA,NA,NA,2,2,SA1015-A95736A-R03-C04,TRUE
1,122000001,122500000,500000,0,-1,0,NA,NA,FALSE,FALSE,NA,NA,NA,2,2,SA1015-A95736A-R03-C04,TRUE
1,122500001,123000000,500000,0,-1,0,NA,NA,FALSE,FALSE,NA,NA,NA,2,2,SA1015-A95736A-R03-C04,TRUE
1,123000001,123500000,500000,0,-1,0,NA,NA,FALSE,FALSE,NA,NA,NA,2,2,SA1015-A95736A-R03-C04,TRUE
1,123500001,124000000,500000,0,-1,0,NA,NA,FALSE,FALSE,NA,NA,NA,2,2,SA1015-A95736A-R03-C04,TRUE
1,124000001,124500000,500000,0,-1,0,NA,NA,FALSE,FALSE,NA,NA,NA,2,2,SA1015-A95736A-R03-C04,TRUE
1,124500001,125000000,500000,0,-1,0,NA,NA,FALSE,FALSE,NA,NA,NA,2,2,SA1015-A95736A-R03-C04,TRUE
1,125000001,125500000,500000,0,-1,0,NA,NA,FALSE,FALSE,NA,NA,NA,2,2,SA1015-A95736A-R03-C04,TRUE
1,125500001,126000000,500000,0,-1,0,NA,NA,FALSE,FALSE,NA,NA,NA,2,2,SA1015-A95736A-R03-C04,TRUE
1,126000001,126500000,500000,0,-1,0,NA,NA,FALSE,FALSE,NA,NA,NA,2,2,SA1015-A95736A-R03-C04,TRUE
1,126500001,127000000,500000,0,-1,0,NA,NA,FALSE,FALSE,NA,NA,NA,2,2,SA1015-A95736A-R03-C04,TRUE
1,127000001,127500000,500000,0,-1,0,NA,NA,FALSE,FALSE,NA,NA,NA,2,2,SA1015-A95736A-R03-C04,TRUE
1,127500001,128000000,500000,0,-1,0,NA,NA,FALSE,FALSE,NA,NA,NA,2,2,SA1015-A95736A-R03-C04,TRUE
1,128000001,128500000,500000,0,-1,0,NA,NA,FALSE,FALSE,NA,NA,NA,2,2,SA1015-A95736A-R03-C04,TRUE
1,128500001,129000000,500000,0,-1,0,NA,NA,FALSE,FALSE,NA,NA,NA,2,2,SA1015-A95736A-R03-C04,TRUE
1,129000001,129500000,500000,0,-1,0,NA,NA,FALSE,FALSE,NA,NA,NA,2,2,SA1015-A95736A-R03-C04,TRUE
1,129500001,130000000,500000,0,-1,0,NA,NA,FALSE,FALSE,NA,NA,NA,2,2,SA1015-A95736A-R03-C04,TRUE
1,130000001,130500000,500000,0,-1,0,NA,NA,FALSE,FALSE,NA,NA,NA,2,2,SA1015-A95736A-R03-C04,TRUE
1,130500001,131000000,500000,0,-1,0,NA,NA,FALSE,FALSE,NA,NA,NA,2,2,SA1015-A95736A-R03-C04,TRUE
1,131000001,131500000,500000,0,-1,0,NA,NA,FALSE,FALSE,NA,NA,NA,2,2,SA1015-A95736A-R03-C04,TRUE
1,131500001,132000000,500000,0,-1,0,NA,NA,FALSE,FALSE,NA,NA,NA,2,2,SA1015-A95736A-R03-C04,TRUE
1,132000001,132500000,500000,0,-1,0,NA,NA,FALSE,FALSE,NA,NA,NA,2,2,SA1015-A95736A-R03-C04,TRUE
1,132500001,133000000,500000,0,-1,0,NA,NA,FALSE,FALSE,NA,NA,NA,2,2,SA1015-A95736A-R03-C04,TRUE
1,133000001,133500000,500000,0,-1,0,NA,NA,FALSE,FALSE,NA,NA,NA,2,2,SA1015-A95736A-R03-C04,TRUE
1,133500001,134000000,500000,0,-1,0,NA,NA,FALSE,FALSE,NA,NA,NA,2,2,SA1015-A95736A-R03-C04,TRUE
1,134000001,134500000,500000,0,-1,0,NA,NA,FALSE,FALSE,NA,NA,NA,2,2,SA1015-A95736A-R03-C04,TRUE
1,134500001,135000000,500000,0,-1,0,NA,NA,FALSE,FALSE,NA,NA,NA,2,2,SA1015-A95736A-R03-C04,TRUE
1,135000001,135500000,500000,0,-1,0,NA,NA,FALSE,FALSE,NA,NA,NA,2,2,SA1015-A95736A-R03-C04,TRUE
1,135500001,136000000,500000,0,-1,0,NA,NA,FALSE,FALSE,NA,NA,NA,2,2,SA1015-A95736A-R03-C04,TRUE
1,136000001,136500000,500000,0,-1,0,NA,NA,FALSE,FALSE,NA,NA,NA,2,2,SA1015-A95736A-R03-C04,TRUE
1,136500001,137000000,500000,0,-1,0,NA,NA,FALSE,FALSE,NA,NA,NA,2,2,SA1015-A95736A-R03-C04,TRUE
1,137000001,137500000,500000,0,-1,0,NA,NA,FALSE,FALSE,NA,NA,NA,2,2,SA1015-A95736A-R03-C04,TRUE
1,137500001,138000000,500000,0,-1,0,NA,NA,FALSE,FALSE,NA,NA,NA,2,2,SA1015-A95736A-R03-C04,TRUE
1,138000001,138500000,500000,0,-1,0,NA,NA,FALSE,FALSE,NA,NA,NA,2,2,SA1015-A95736A-R03-C04,TRUE
1,138500001,139000000,500000,0,-1,0,NA,NA,FALSE,FALSE,NA,NA,NA,2,2,SA1015-A95736A-R03-C04,TRUE
1,139000001,139500000,500000,0,-1,0,NA,NA,FALSE,FALSE,NA,NA,NA,2,2,SA1015-A95736A-R03-C04,TRUE
1,139500001,140000000,500000,0,-1,0,NA,NA,FALSE,FALSE,NA,NA,NA,2,2,SA1015-A95736A-R03-C04,TRUE
1,140000001,140500000,500000,0,-1,0,NA,NA,FALSE,FALSE,NA,NA,NA,2,2,SA1015-A95736A-R03-C04,TRUE
1,140500001,141000000,500000,0,-1,0,NA,NA,FALSE,FALSE,NA,NA,NA,2,2,SA1015-A95736A-R03-C04,TRUE
1,141000001,141500000,500000,0,-1,0,NA,NA,FALSE,FALSE,NA,NA,NA,2,2,SA1015-A95736A-R03-C04,TRUE
1,141500001,142000000,500000,0,-1,0,NA,NA,FALSE,FALSE,NA,NA,NA,2,2,SA1015-A95736A-R03-C04,TRUE
1,142000001,142500000,500000,0,-1,0,NA,NA,FALSE,FALSE,NA,NA,NA,2,2,SA1015-A95736A-R03-C04,TRUE
1,142500001,143000000,500000,8,-1,0.6330319999999999,NA,NA,FALSE,FALSE,NA,NA,NA,2,2,SA1015-A95736A-R03-C04,TRUE
1,143000001,143500000,500000,6,-1,0.54686,NA,NA,FALSE,FALSE,NA,NA,NA,2,2,SA1015-A95736A-R03-C04,TRUE
1,143500001,144000000,500000,0,-1,0.454294,NA,NA,FALSE,FALSE,NA,NA,NA,2,2,SA1015-A95736A-R03-C04,TRUE
1,144000001,144500000,500000,25,-1,0.391278,NA,NA,FALSE,FALSE,NA,NA,NA,2,2,SA1015-A95736A-R03-C04,TRUE
1,144500001,145000000,500000,14,-1,0.6001489999999999,NA,NA,FALSE,FALSE,NA,NA,NA,2,2,SA1015-A95736A-R03-C04,TRUE
1,145000001,145500000,500000,52,0.418954,0.897085,0.7325348421264241,1.4231336515944901,TRUE,FALSE,70.9863845507373,46,NA,2,2,SA1015-A95736A-R03-C04,TRUE
1,145500001,146000000,500000,45,-1,0.787441,NA,NA,FALSE,FALSE,NA,NA,NA,2,2,SA1015-A95736A-R03-C04,TRUE
1,146000001,146500000,500000,12,-1,0.480462,NA,NA,FALSE,FALSE,NA,NA,NA,2,2,SA1015-A95736A-R03-C04,TRUE
1,146500001,147000000,500000,143,0.401916,0.9843149999999999,2.10595965395202,4.09135768032474,TRUE,TRUE,67.9025354221045,46,NA,2,2,SA1015-A95736A-R03-C04,FALSE
1,147000001,147500000,500000,69,0.421954,0.9253969999999999,0.964237439996282,1.8732743755951002,TRUE,TRUE,71.5591379652983,46,NA,2,2,SA1015-A95736A-R03-C04,FALSE
1,147500001,148000000,500000,11,0.4230640000000001,0.6282800000000001,0.15326030267406698,0.297746785061972,TRUE,FALSE,71.77331512513899,46,NA,2,2,SA1015-A95736A-R03-C04,TRUE
1,148000001,148500000,500000,0,-1,0.22611199999999998,NA,NA,FALSE,FALSE,NA,NA,NA,2,2,SA1015-A95736A-R03-C04,TRUE
1,148500001,149000000,500000,0,-1,0.58433,NA,NA,FALSE,FALSE,NA,NA,NA,2,2,SA1015-A95736A-R03-C04,TRUE
1,149000001,149500000,500000,44,-1,0.81593,NA,NA,FALSE,FALSE,NA,NA,NA,2,2,SA1015-A95736A-R03-C04,TRUE
1,149500001,150000000,500000,49,-1,0.8981899999999999,NA,NA,FALSE,FALSE,NA,NA,NA,2,2,SA1015-A95736A-R03-C04,TRUE
1,150000001,150500000,500000,76,0.434554,0.9995850000000001,1.02616717840612,1.9935885090630001,TRUE,TRUE,74.0620062688481,46,NA,2,2,SA1015-A95736A-R03-C04,FALSE
1,150500001,151000000,500000,53,0.44157799999999997,0.9950190000000001,0.7017498231908239,1.36332598936091,TRUE,TRUE,75.52549106319891,46,NA,2,2,SA1015-A95736A-R03-C04,FALSE
1,151000001,151500000,500000,51,0.46538599999999997,0.9999469999999999,0.630802583013177,1.22549308479698,TRUE,TRUE,80.8493835843007,46,NA,2,2,SA1015-A95736A-R03-C04,FALSE
1,151500001,152000000,500000,114,0.447812,0.995677,1.48311415470271,2.8813232372492097,TRUE,TRUE,76.8652902667842,46,NA,2,2,SA1015-A95736A-R03-C04,FALSE
1,152000001,152500000,500000,110,0.414476,0.9845809999999999,1.56811242623444,3.0464538134181702,TRUE,TRUE,70.1480315822421,46,NA,2,2,SA1015-A95736A-R03-C04,FALSE
1,152500001,153000000,500000,116,0.41372200000000003,0.991166,1.6569339972895198,3.21901211301938,TRUE,TRUE,70.0088236403849,46,NA,2,2,SA1015-A95736A-R03-C04,FALSE
1,153000001,153500000,500000,98,0.428868,0.9919469999999999,1.34406618647715,2.61118749572843,TRUE,TRUE,72.9130759972926,46,NA,2,2,SA1015-A95736A-R03-C04,FALSE
1,153500001,154000000,500000,85,0.481642,0.998618,1.00227669278198,1.9471752163574296,TRUE,TRUE,84.8069206957898,46,NA,2,2,SA1015-A95736A-R03-C04,FALSE
1,154000001,154500000,500000,96,0.456038,0.998717,1.2199447302462199,2.37005026772382,TRUE,TRUE,78.6920895839474,46,NA,2,2,SA1015-A95736A-R03-C04,FALSE
1,154500001,155000000,500000,92,0.48423,0.998202,1.0765130039911701,2.09139797079372,TRUE,TRUE,85.46111348298679,46,NA,2,2,SA1015-A95736A-R03-C04,FALSE
1,155000001,155500000,500000,68,0.482054,0.994708,0.800842090578478,1.55583770651393,TRUE,TRUE,84.9106219565471,46,NA,2,2,SA1015-A95736A-R03-C04,FALSE
1,155500001,156000000,500000,56,0.45703599999999994,0.9761350000000001,0.709594797076984,1.37856682937456,TRUE,TRUE,78.9182787566642,46,NA,2,2,SA1015-A95736A-R03-C04,FALSE
1,156000001,156500000,500000,85,0.504446,0.9972979999999999,0.9361283672954528,1.81866541370662,TRUE,TRUE,90.7995131539188,46,NA,2,2,SA1015-A95736A-R03-C04,FALSE
1,156500001,157000000,500000,66,0.5040899999999999,0.9980049999999999,0.727657564261047,1.4136583094548,TRUE,TRUE,90.7020049561698,46,NA,2,2,SA1015-A95736A-R03-C04,FALSE
1,157000001,157500000,500000,73,0.438532,0.994967,0.974830104086881,1.89385329670636,TRUE,TRUE,74.88484372195171,46,NA,2,2,SA1015-A95736A-R03-C04,FALSE
1,157500001,158000000,500000,71,0.407636,0.9966209999999999,1.03039225076036,2.00179677753292,TRUE,TRUE,68.905797716944,46,NA,2,2,SA1015-A95736A-R03-C04,FALSE
1,158000001,158500000,500000,42,0.405832,0.9906219999999999,0.612370879688111,1.1896848532295001,TRUE,TRUE,68.58588707123239,46,NA,2,2,SA1015-A95736A-R03-C04,FALSE
1,158500001,159000000,500000,74,0.372336,0.9881059999999999,1.17030761797764,2.27361766032411,TRUE,TRUE,63.231238405400106,46,NA,2,2,SA1015-A95736A-R03-C04,FALSE
1,159000001,159500000,500000,63,0.390176,0.9895459999999999,0.955343535063073,1.85599572251726,TRUE,TRUE,65.9448645306849,46,NA,2,2,SA1015-A95736A-R03-C04,FALSE
1,159500001,160000000,500000,95,0.431204,0.9898610000000001,1.29460914368598,2.5151047186960698,TRUE,TRUE,73.3812212460653,46,NA,2,2,SA1015-A95736A-R03-C04,FALSE
1,160000001,160500000,500000,89,0.45151199999999997,0.998649,1.1457454883776002,2.22589952982923,TRUE,TRUE,77.6786824847338,46,NA,2,2,SA1015-A95736A-R03-C04,FALSE
1,160500001,161000000,500000,56,0.43103800000000003,0.9946299999999999,0.763486001101644,1.4832640827499899,TRUE,TRUE,73.34777575384079,46,NA,2,2,SA1015-A95736A-R03-C04,FALSE
1,161000001,161500000,500000,82,0.47622600000000004,0.9512079999999999,0.982514504860544,1.9087821829578304,TRUE,TRUE,83.4593276682861,46,NA,2,2,SA1015-A95736A-R03-C04,FALSE
1,161500001,162000000,500000,61,0.415426,0.947168,0.867410878321625,1.68516436312472,TRUE,TRUE,70.3242275656381,46,NA,2,2,SA1015-A95736A-R03-C04,FALSE
1,162000001,162500000,500000,80,0.42126,0.995142,1.12004269285899,2.17596536814974,TRUE,TRUE,71.4258487734914,46,NA,2,2,SA1015-A95736A-R03-C04,FALSE
1,162500001,163000000,500000,133,0.400574,0.9904290000000001,1.9653668028625801,3.81822061427312,TRUE,TRUE,67.6718461949616,46,NA,2,2,SA1015-A95736A-R03-C04,FALSE
1,163000001,163500000,500000,77,0.378556,0.9956709999999999,1.20046938116013,2.33221449109304,TRUE,TRUE,64.1415776265675,46,NA,2,2,SA1015-A95736A-R03-C04,FALSE
1,163500001,164000000,500000,55,0.37363,0.987814,0.867268927595787,1.6848885880445599,TRUE,TRUE,63.4174686189544,46,NA,2,2,SA1015-A95736A-R03-C04,FALSE
1,164000001,164500000,500000,78,0.376078,0.990399,1.2230629171052299,2.37610813199979,TRUE,TRUE,63.774315212345705,46,NA,2,2,SA1015-A95736A-R03-C04,FALSE
1,164500001,165000000,500000,176,0.41259399999999996,0.9977469999999999,2.52143157701765,4.89851665898985,TRUE,TRUE,69.8016165119074,46,NA,2,2,SA1015-A95736A-R03-C04,FALSE
1,165000001,165500000,500000,59,0.42494799999999994,0.9977090000000001,0.817858369683232,1.58889611961084,TRUE,TRUE,72.1396297782604,46,NA,2,2,SA1015-A95736A-R03-C04,FALSE
1,165500001,166000000,500000,60,0.418916,0.991575,0.845318221941623,1.6422438070782301,TRUE,TRUE,70.9791868229046,46,NA,2,2,SA1015-A95736A-R03-C04,FALSE
1,166000001,166500000,500000,91,0.41061800000000004,0.984734,1.3104522996347,2.54588404424001,TRUE,TRUE,69.4416729440414,46,NA,2,2,SA1015-A95736A-R03-C04,FALSE
1,166500001,167000000,500000,53,0.39333,0.997575,0.7975034190486779,1.5493514951661,TRUE,TRUE,66.4573953340819,46,NA,2,2,SA1015-A95736A-R03-C04,FALSE
1,167000001,167500000,500000,55,0.417984,0.999467,0.7768021389980521,1.50913403849795,TRUE,TRUE,70.80310060801459,46,NA,2,2,SA1015-A95736A-R03-C04,FALSE
1,167500001,168000000,500000,66,0.418192,0.999109,0.9316464511761492,1.80995816145567,TRUE,TRUE,70.8423242708421,46,NA,2,2,SA1015-A95736A-R03-C04,FALSE
1,168000001,168500000,500000,99,0.415916,0.9927,1.4059413140922299,2.73139553395648,TRUE,TRUE,70.4154568954545,46,NA,2,2,SA1015-A95736A-R03-C04,FALSE
1,168500001,169000000,500000,85,0.394702,0.9969040000000001,1.27467963744634,2.47638662727129,TRUE,TRUE,66.6834218598538,46,NA,2,2,SA1015-A95736A-R03-C04,FALSE
1,169000001,169500000,500000,122,0.378728,0.9928809999999999,1.90128007625628,3.6937159873133902,TRUE,TRUE,64.1672952468024,46,NA,2,2,SA1015-A95736A-R03-C04,FALSE
1,169500001,170000000,500000,88,0.381996,0.9972059999999999,1.36093357833403,2.6439566578019598,TRUE,TRUE,64.6614951684301,46,NA,2,2,SA1015-A95736A-R03-C04,FALSE
1,170000001,170500000,500000,70,0.376112,0.9883620000000001,1.09753455311558,2.13223763089885,TRUE,TRUE,63.779313189995,46,NA,2,2,SA1015-A95736A-R03-C04,FALSE
1,170500001,171000000,500000,86,0.380918,0.997466,1.33338900396324,2.5904443762671603,TRUE,TRUE,64.49730704571711,46,NA,2,2,SA1015-A95736A-R03-C04,FALSE
1,171000001,171500000,500000,110,0.397368,0.991976,1.6386615874598205,3.1835133492351297,TRUE,TRUE,67.1279542046977,46,NA,2,2,SA1015-A95736A-R03-C04,FALSE
1,171500001,172000000,500000,70,0.397606,0.995555,1.04216323291907,2.0246648786238604,TRUE,TRUE,67.1679807816014,46,NA,2,2,SA1015-A95736A-R03-C04,FALSE
1,172000001,172500000,500000,53,0.37829,0.990024,0.826809046802804,1.6062850669767401,TRUE,TRUE,64.1018627033004,46,NA,2,2,SA1015-A95736A-R03-C04,FALSE
1,172500001,173000000,500000,57,0.384704,0.989898,0.8758582917574659,1.70157559387871,TRUE,TRUE,65.0790208146866,46,NA,2,2,SA1015-A95736A-R03-C04,FALSE
1,173000001,173500000,500000,71,0.394716,0.995432,1.06469542483769,2.0684393432902604,TRUE,TRUE,66.68573785862151,46,NA,2,2,SA1015-A95736A-R03-C04,FALSE
1,173500001,174000000,500000,82,0.39663000000000004,0.997542,1.22380397687895,2.37754782748071,TRUE,TRUE,67.0041947478578,46,NA,2,2,SA1015-A95736A-R03-C04,FALSE
1,174000001,174500000,500000,40,0.378432,0.9826879999999999,0.6238005953356429,1.21188995806649,TRUE,TRUE,64.12305518637339,46,NA,2,2,SA1015-A95736A-R03-C04,FALSE
1,174500001,175000000,500000,45,0.3877,0.9718,0.68650502762541,1.3337091297480101,TRUE,TRUE,65.54941069499951,46,NA,2,2,SA1015-A95736A-R03-C04,FALSE
1,175000001,175500000,500000,88,0.432464,0.997501,1.1950680506491598,2.32172104454075,TRUE,TRUE,73.63597407879679,46,NA,2,2,SA1015-A95736A-R03-C04,FALSE
1,175500001,176000000,500000,67,0.42520600000000003,0.9949549999999999,0.928105518623164,1.80307900706685,TRUE,TRUE,72.1900674606416,46,NA,2,2,SA1015-A95736A-R03-C04,FALSE
1,176000001,176500000,500000,62,0.380232,0.9858309999999999,0.96283125455608,1.8705425057846201,TRUE,TRUE,64.39342273801189,46,NA,2,2,SA1015-A95736A-R03-C04,FALSE
1,176500001,177000000,500000,76,0.404588,0.996453,1.1116448220702,2.15965038648064,TRUE,TRUE,68.3671605274665,46,NA,2,2,SA1015-A95736A-R03-C04,FALSE
1,177000001,177500000,500000,126,0.405778,0.994499,1.83736784387973,3.56955035939653,TRUE,TRUE,68.5763606997401,46,NA,2,2,SA1015-A95736A-R03-C04,FALSE
1,177500001,178000000,500000,103,0.40823000000000004,0.989611,1.49249753479393,2.8995528192507303,TRUE,TRUE,69.0118392820137,46,NA,2,2,SA1015-A95736A-R03-C04,FALSE
1,178000001,178500000,500000,57,0.38902800000000004,0.9938440000000001,0.866778339999382,1.68393549792877,TRUE,TRUE,65.7607572427809,46,NA,2,2,SA1015-A95736A-R03-C04,FALSE
1,178500001,179000000,500000,74,0.408252,0.98946,1.07221865805906,2.08305512093033,TRUE,TRUE,69.0157734560929,46,NA,2,2,SA1015-A95736A-R03-C04,FALSE
1,179000001,179500000,500000,58,0.41143199999999996,0.9973700000000001,0.8334592975918609,1.6192048561051002,TRUE,TRUE,69.5894810551411,46,NA,2,2,SA1015-A95736A-R03-C04,FALSE
1,179500001,180000000,500000,46,0.40462,0.9957219999999999,0.672782476478691,1.3070496137774998,TRUE,TRUE,68.37276773432271,46,NA,2,2,SA1015-A95736A-R03-C04,FALSE
1,180000001,180500000,500000,74,0.41405,0.9949209999999999,1.0560971433778499,2.05173501335577,TRUE,TRUE,70.0693117711848,46,NA,2,2,SA1015-A95736A-R03-C04,FALSE
1,180500001,181000000,500000,78,0.408968,0.9828819999999999,1.1280793118078505,2.19157852702417,TRUE,TRUE,69.1440745199002,46,NA,2,2,SA1015-A95736A-R03-C04,FALSE
1,181000001,181500000,500000,87,0.44961599999999996,0.996704,1.12606518887851,2.18766558533954,TRUE,TRUE,77.26018072421441,46,NA,2,2,SA1015-A95736A-R03-C04,FALSE
1,181500001,182000000,500000,137,0.41714799999999996,0.998015,1.9392495754656398,3.76748131416414,TRUE,TRUE,70.64588371360341,46,NA,2,2,SA1015-A95736A-R03-C04,FALSE
1,182000001,182500000,500000,86,0.425336,0.997453,1.19087996264231,2.31358462749186,TRUE,TRUE,72.2155067662605,46,NA,2,2,SA1015-A95736A-R03-C04,FALSE
1,182500001,183000000,500000,110,0.41326599999999997,0.9975799999999999,1.57311613486016,3.05617477919143,TRUE,TRUE,69.9249073621499,46,NA,2,2,SA1015-A95736A-R03-C04,FALSE
1,183000001,183500000,500000,75,0.416954,0.9991969999999999,1.06218002902424,2.06355255262402,TRUE,TRUE,70.6094992850672,46,NA,2,2,SA1015-A95736A-R03-C04,FALSE
1,183500001,184000000,500000,61,0.405828,0.9944,0.8894049535244078,1.72789340037559,TRUE,TRUE,68.58518131507789,46,NA,2,2,SA1015-A95736A-R03-C04,FALSE
1,184000001,184500000,500000,71,0.399952,0.996139,1.05083169823601,2.04150555839876,TRUE,TRUE,67.5655293984614,46,NA,2,2,SA1015-A95736A-R03-C04,FALSE
1,184500001,185000000,500000,100,0.39792,0.985001,1.48763312527966,2.89010247712803,TRUE,TRUE,67.22087475781429,46,NA,2,2,SA1015-A95736A-R03-C04,FALSE
1,185000001,185500000,500000,54,0.384252,0.9919209999999999,0.830656445179442,1.6137596085084298,TRUE,TRUE,65.0088256262608,46,NA,2,2,SA1015-A95736A-R03-C04,FALSE
1,185500001,186000000,500000,81,0.36993200000000004,0.989607,1.28797007764351,2.50220665875837,TRUE,TRUE,62.889659787903604,46,NA,2,2,SA1015-A95736A-R03-C04,FALSE
1,186000001,186500000,500000,46,0.365186,0.9939709999999999,0.7391682473905571,1.4360207140428105,TRUE,TRUE,62.2321104327616,46,NA,2,2,SA1015-A95736A-R03-C04,FALSE
1,186500001,187000000,500000,54,0.368946,0.9945709999999999,0.8605410919055558,1.6718180706813501,TRUE,TRUE,62.75121607548571,46,NA,2,2,SA1015-A95736A-R03-C04,FALSE
1,187000001,187500000,500000,69,0.356672,0.989118,1.12914102027598,2.19364116345084,TRUE,TRUE,61.1083990050554,46,NA,2,2,SA1015-A95736A-R03-C04,FALSE
1,187500001,188000000,500000,58,0.357594,0.9854200000000001,0.9473003262259028,1.84036976112306,TRUE,TRUE,61.226623061637895,46,NA,2,2,SA1015-A95736A-R03-C04,FALSE
1,188000001,188500000,500000,64,0.34236,0.9957520000000001,1.07778282442658,2.09386491719573,TRUE,TRUE,59.3811652491772,46,NA,2,2,SA1015-A95736A-R03-C04,FALSE
1,188500001,189000000,500000,74,0.34278200000000003,0.9928530000000001,1.24517929798919,2.41907477887775,TRUE,TRUE,59.4291923416175,46,NA,2,2,SA1015-A95736A-R03-C04,FALSE
1,189000001,189500000,500000,51,0.340138,0.99329,0.8624889613201692,1.67560229820669,TRUE,TRUE,59.131191571352794,46,NA,2,2,SA1015-A95736A-R03-C04,FALSE
1,189500001,190000000,500000,86,0.339522,0.9971760000000001,1.4560783113181401,2.8287992939400697,TRUE,TRUE,59.0627573610013,46,NA,2,2,SA1015-A95736A-R03-C04,FALSE
1,190000001,190500000,500000,54,0.3331,0.9989379999999999,0.9251060985195859,1.7972518771623105,TRUE,FALSE,58.3716830819884,46,NA,2,2,SA1015-A95736A-R03-C04,FALSE
1,190500001,191000000,500000,71,0.33978200000000003,0.9932790000000001,1.20152449204329,2.33426431004721,TRUE,TRUE,59.09159610992111,46,NA,2,2,SA1015-A95736A-R03-C04,FALSE
1,191000001,191500000,500000,47,0.341534,0.99577,0.792744934395601,1.54010693879697,TRUE,TRUE,59.28766991848829,46,NA,2,2,SA1015-A95736A-R03-C04,FALSE
1,191500001,192000000,500000,54,0.344618,0.99831,0.9054296109591948,1.7590253383248002,TRUE,TRUE,59.6401965944028,46,NA,2,2,SA1015-A95736A-R03-C04,FALSE
1,192000001,192500000,500000,57,0.35042,0.989391,0.944820252874552,1.8355515932465905,TRUE,TRUE,60.3289353997031,46,NA,2,2,SA1015-A95736A-R03-C04,FALSE
1,192500001,193000000,500000,78,0.374552,0.998693,1.22735736757183,2.3844511849478103,TRUE,TRUE,63.551172674600004,46,NA,2,2,SA1015-A95736A-R03-C04,FALSE
1,193000001,193500000,500000,180,0.370056,0.996936,2.86136047088504,5.5589142540144,TRUE,TRUE,62.907138695574595,46,NA,2,2,SA1015-A95736A-R03-C04,FALSE
1,193500001,194000000,500000,86,0.35975999999999997,0.9878549999999999,1.39819958556166,2.71635527408109,TRUE,TRUE,61.507670927719296,46,NA,2,2,SA1015-A95736A-R03-C04,FALSE
1,194000001,194500000,500000,55,0.34860399999999997,0.995503,0.914992536909516,1.77760373343309,TRUE,TRUE,60.109779895875704,46,NA,2,2,SA1015-A95736A-R03-C04,FALSE
1,194500001,195000000,500000,36,0.339918,0.9981469999999999,0.609067928641974,1.1832680379287,TRUE,TRUE,59.10670765454429,46,NA,2,2,SA1015-A95736A-R03-C04,FALSE
1,195000001,195500000,500000,56,0.33922800000000003,0.9976459999999999,0.9486665032150841,1.84302390442864,TRUE,TRUE,59.030228020292505,46,NA,2,2,SA1015-A95736A-R03-C04,FALSE
1,195500001,196000000,500000,42,0.344912,0.9908520000000001,0.703820633327309,1.36734906024003,TRUE,TRUE,59.674294857548,46,NA,2,2,SA1015-A95736A-R03-C04,FALSE
1,196000001,196500000,500000,61,0.344908,0.9876,1.02222363858007,1.98592718852218,TRUE,TRUE,59.6738303613605,46,NA,2,2,SA1015-A95736A-R03-C04,FALSE
1,196500001,197000000,500000,51,0.353614,0.970608,0.839888997317532,1.63169616917723,TRUE,TRUE,60.7223099277234,46,NA,2,2,SA1015-A95736A-R03-C04,FALSE
1,197000001,197500000,500000,70,0.358692,0.998714,1.14065009571831,2.21600044470111,TRUE,TRUE,61.3685128005167,46,NA,2,2,SA1015-A95736A-R03-C04,FALSE
1,197500001,198000000,500000,67,0.367088,0.9819899999999999,1.07212091526565,2.0828652309066698,TRUE,TRUE,62.4929511643738,46,NA,2,2,SA1015-A95736A-R03-C04,FALSE
1,198000001,198500000,500000,63,0.36443600000000004,0.993609,1.01399898219605,1.9699487195132104,TRUE,TRUE,62.13023987811,46,NA,2,2,SA1015-A95736A-R03-C04,FALSE
1,198500001,199000000,500000,84,0.353558,0.9955959999999999,1.3835057077493,2.6878087111265,TRUE,TRUE,60.7153259502284,46,NA,2,2,SA1015-A95736A-R03-C04,FALSE
1,199000001,199500000,500000,70,0.35888000000000003,0.996778,1.14019649383719,2.2151192086638196,TRUE,TRUE,61.392926901944506,46,NA,2,2,SA1015-A95736A-R03-C04,FALSE
1,199500001,200000000,500000,72,0.386006,0.9964209999999999,1.1029014608139098,2.1426642024573,TRUE,TRUE,65.2823507431625,46,NA,2,2,SA1015-A95736A-R03-C04,FALSE
1,200000001,200500000,500000,93,0.4132020000000001,0.997958,1.33022192777367,2.58429153213833,TRUE,TRUE,69.9131461136338,46,NA,2,2,SA1015-A95736A-R03-C04,FALSE
1,200500001,201000000,500000,67,0.4305100000000001,0.9970629999999999,0.9147809670105942,1.77719270555359,TRUE,TRUE,73.2415763075491,46,NA,2,2,SA1015-A95736A-R03-C04,FALSE
1,201000001,201500000,500000,109,0.502976,0.996232,1.20578300190501,2.34253753930723,TRUE,TRUE,90.39769164749521,46,NA,2,2,SA1015-A95736A-R03-C04,FALSE
1,201500001,202000000,500000,133,0.472562,0.998993,1.6108690019492298,3.12951924352116,TRUE,TRUE,82.56413143406691,46,NA,2,2,SA1015-A95736A-R03-C04,FALSE
1,202000001,202500000,500000,66,0.460708,0.9938309999999999,0.8274928342668431,1.60761349655394,TRUE,TRUE,79.758998829852,46,NA,2,2,SA1015-A95736A-R03-C04,FALSE
1,202500001,203000000,500000,103,0.4502140000000001,0.997288,1.33089048539856,2.5855903739125297,TRUE,TRUE,77.3917922849639,46,NA,2,2,SA1015-A95736A-R03-C04,FALSE
1,203000001,203500000,500000,208,0.48129399999999994,0.998016,2.4551620339625098,4.76977136064501,TRUE,TRUE,84.71945929544141,46,NA,2,2,SA1015-A95736A-R03-C04,FALSE
1,203500001,204000000,500000,48,0.44686000000000003,0.9988819999999999,0.62615611403548,1.21646614712388,TRUE,TRUE,76.6581990083071,46,NA,2,2,SA1015-A95736A-R03-C04,FALSE
1,204000001,204500000,500000,90,0.485048,0.998237,1.0505517793908,2.04096174545578,TRUE,TRUE,85.669266156676,46,NA,2,2,SA1015-A95736A-R03-C04,FALSE
1,204500001,205000000,500000,105,0.470264,0.9998549999999999,1.2803400736705002,2.48738345200924,TRUE,TRUE,82.0094615167234,46,NA,2,2,SA1015-A95736A-R03-C04,FALSE
1,205000001,205500000,500000,56,0.48067,0.997705,0.6622286921356939,1.28654622638013,TRUE,TRUE,84.5629322091126,46,NA,2,2,SA1015-A95736A-R03-C04,FALSE
1,205500001,206000000,500000,45,-1,0.8450139999999999,NA,NA,FALSE,FALSE,NA,NA,NA,2,2,SA1015-A95736A-R03-C04,TRUE
1,206000001,206500000,500000,16,-1,0.493791,NA,NA,FALSE,FALSE,NA,NA,NA,2,2,SA1015-A95736A-R03-C04,TRUE
1,206500001,207000000,500000,76,0.45767399999999997,0.95158,0.961253960700772,1.86747821472998,TRUE,TRUE,79.0633933457029,46,NA,2,2,SA1015-A95736A-R03-C04,FALSE
1,207000001,207500000,500000,52,0.416328,0.9983129999999999,0.7376687186046059,1.4331075012451395,TRUE,TRUE,70.4923479720878,46,NA,2,2,SA1015-A95736A-R03-C04,FALSE
1,207500001,208000000,500000,44,0.395848,0.945701,0.6579572556089129,1.27824788381356,TRUE,TRUE,66.8736450961085,46,NA,2,2,SA1015-A95736A-R03-C04,FALSE
1,208000001,208500000,500000,83,0.457064,0.9993209999999999,1.0516361061200001,2.04306832355815,TRUE,TRUE,78.9246389668262,46,NA,2,2,SA1015-A95736A-R03-C04,FALSE
1,208500001,209000000,500000,95,0.4065760000000001,0.9966889999999999,1.38247305762555,2.68580252786134,TRUE,TRUE,68.7174332085472,46,NA,2,2,SA1015-A95736A-R03-C04,FALSE
1,209000001,209500000,500000,210,0.40253,0.9951479999999999,3.08784130879785,5.99891039254539,TRUE,TRUE,68.00867628840571,46,NA,2,2,SA1015-A95736A-R03-C04,FALSE
1,209500001,210000000,500000,80,0.43857399999999996,0.999049,1.0681818487437902,2.07521260088724,TRUE,TRUE,74.8936148784801,46,NA,2,2,SA1015-A95736A-R03-C04,FALSE
1,210000001,210500000,500000,66,0.396584,0.990258,0.985126109310692,1.91385588316145,TRUE,TRUE,66.9964985966936,46,NA,2,2,SA1015-A95736A-R03-C04,FALSE
1,210500001,211000000,500000,59,0.426134,0.995742,0.815232054816432,1.5837938407134,TRUE,TRUE,72.3720315601246,46,NA,2,2,SA1015-A95736A-R03-C04,FALSE
1,211000001,211500000,500000,54,0.399946,0.9940690000000001,0.7992362179031179,1.55271789389471,TRUE,TRUE,67.5645056997977,46,NA,2,2,SA1015-A95736A-R03-C04,FALSE
1,211500001,212000000,500000,68,0.436648,0.9977290000000001,0.912835107618361,1.77341238300358,TRUE,TRUE,74.4931909744531,46,NA,2,2,SA1015-A95736A-R03-C04,FALSE
1,212000001,212500000,500000,62,0.416192,0.996992,0.8798451170944649,1.7093210074397098,TRUE,TRUE,70.4669478700344,46,NA,2,2,SA1015-A95736A-R03-C04,FALSE
1,212500001,213000000,500000,83,0.437594,0.9960180000000001,1.1112686581396,2.15891959318951,TRUE,TRUE,74.68940961491009,46,NA,2,2,SA1015-A95736A-R03-C04,FALSE
1,213000001,213500000,500000,70,0.405604,0.9916709999999999,1.02121673688179,1.9839710280663705,TRUE,TRUE,68.5456842528255,46,NA,2,2,SA1015-A95736A-R03-C04,FALSE
1,213500001,214000000,500000,70,0.420128,0.9953420000000001,0.983015447353542,1.9097553900713997,TRUE,TRUE,71.2094608365035,46,NA,2,2,SA1015-A95736A-R03-C04,FALSE
1,214000001,214500000,500000,80,0.40899,0.999708,1.15693832567969,2.2476444387474,TRUE,TRUE,69.14802476873649,46,NA,2,2,SA1015-A95736A-R03-C04,FALSE
1,214500001,215000000,500000,108,0.404142,0.9987090000000001,1.58151118262008,3.07248427641508,TRUE,TRUE,68.2891156173028,46,NA,2,2,SA1015-A95736A-R03-C04,FALSE
1,215000001,215500000,500000,74,0.37225199999999997,0.9964860000000001,1.1705303500396698,2.27405037352017,TRUE,TRUE,63.2192065737487,46,NA,2,2,SA1015-A95736A-R03-C04,FALSE
1,215500001,216000000,500000,115,0.37228,0.9976440000000001,1.8189520643447301,3.5337730638067,TRUE,TRUE,63.2232164080852,46,NA,2,2,SA1015-A95736A-R03-C04,FALSE
1,216000001,216500000,500000,62,0.359212,0.9972840000000001,1.00917820510558,1.96058314437638,TRUE,TRUE,61.4361266289076,46,NA,2,2,SA1015-A95736A-R03-C04,FALSE
1,216500001,217000000,500000,74,0.36689,0.9956729999999999,1.18465145638852,2.3014841834731,TRUE,TRUE,62.465630376713,46,NA,2,2,SA1015-A95736A-R03-C04,FALSE
1,217000001,217500000,500000,78,0.387148,0.999603,1.19152958927623,2.3148466910423298,TRUE,TRUE,65.4620755556558,46,NA,2,2,SA1015-A95736A-R03-C04,FALSE
1,217500001,218000000,500000,105,0.367962,0.9895079999999999,1.6769409164316005,3.2578805985280903,TRUE,TRUE,62.614012796248105,46,NA,2,2,SA1015-A95736A-R03-C04,FALSE
1,218000001,218500000,500000,83,0.377328,0.989876,1.29771005933151,2.52112902928463,TRUE,TRUE,63.958816842920704,46,NA,2,2,SA1015-A95736A-R03-C04,FALSE
1,218500001,219000000,500000,61,0.393742,0.9985280000000001,0.9169475039864547,1.78140174995729,TRUE,TRUE,66.5250733927524,46,NA,2,2,SA1015-A95736A-R03-C04,FALSE
1,219000001,219500000,500000,54,0.36591599999999996,0.996726,0.866331481339527,1.6830673622992098,TRUE,TRUE,62.331799274458895,46,NA,2,2,SA1015-A95736A-R03-C04,FALSE
1,219500001,220000000,500000,151,0.38918600000000003,0.994884,2.2953205433840203,4.4592389585234296,TRUE,TRUE,65.7860186174166,46,NA,2,2,SA1015-A95736A-R03-C04,FALSE
1,220000001,220500000,500000,165,0.392362,0.991434,2.48872359203229,4.83497315029694,TRUE,TRUE,66.2990460363906,46,NA,2,2,SA1015-A95736A-R03-C04,FALSE
1,220500001,221000000,500000,173,0.408508,0.997527,2.50501044925183,4.866614477446071,TRUE,TRUE,69.0615881668955,46,NA,2,2,SA1015-A95736A-R03-C04,FALSE
1,221000001,221500000,500000,65,0.39187,0.996907,0.9815925971020492,1.90699114466267,TRUE,TRUE,66.2189183087761,46,NA,2,2,SA1015-A95736A-R03-C04,FALSE
1,221500001,222000000,500000,91,0.387606,0.998834,1.38858122458887,2.69766918246281,TRUE,TRUE,65.5345170945568,46,NA,2,2,SA1015-A95736A-R03-C04,FALSE
1,222000001,222500000,500000,63,0.403644,0.9975629999999999,0.9237238136689208,1.7945664402739299,TRUE,TRUE,68.2022040221866,46,NA,2,2,SA1015-A95736A-R03-C04,FALSE
1,222500001,223000000,500000,110,0.4099060000000001,0.973524,1.58700561869421,3.08315860400191,TRUE,TRUE,69.31292410326071,46,NA,2,2,SA1015-A95736A-R03-C04,FALSE
1,223000001,223500000,500000,88,0.423584,0.9891,1.2243636689294999,2.3786351704245,TRUE,TRUE,71.87406996235109,46,NA,2,2,SA1015-A95736A-R03-C04,FALSE
1,223500001,224000000,500000,113,-1,0.869237,NA,NA,FALSE,FALSE,NA,NA,NA,2,2,SA1015-A95736A-R03-C04,TRUE
1,224000001,224500000,500000,71,0.423098,0.9410069999999999,0.989134913556763,1.92164399629567,TRUE,TRUE,71.77989476146979,46,NA,2,2,SA1015-A95736A-R03-C04,FALSE
1,224500001,225000000,500000,228,0.431762,0.996574,3.10230054663454,6.02700110817889,TRUE,TRUE,73.49384644480709,46,NA,2,2,SA1015-A95736A-R03-C04,FALSE
1,225000001,225500000,500000,251,0.38152199999999997,0.992318,3.88610104707654,7.549731228534192,TRUE,TRUE,64.58915940665611,46,NA,2,2,SA1015-A95736A-R03-C04,FALSE
1,225500001,226000000,500000,53,0.420814,0.9984209999999999,0.7429166194732271,1.44330287202735,TRUE,TRUE,71.3404419968155,46,NA,2,2,SA1015-A95736A-R03-C04,FALSE
1,226000001,226500000,500000,56,0.46259399999999995,0.9980190000000001,0.6982892287258039,1.35660291196654,TRUE,TRUE,80.1959957225538,46,NA,2,2,SA1015-A95736A-R03-C04,FALSE
1,226500001,227000000,500000,105,0.47206400000000004,0.998232,1.27359972611372,2.4742886271901803,TRUE,TRUE,82.4434850660642,46,NA,2,2,SA1015-A95736A-R03-C04,FALSE
1,227000001,227500000,500000,302,0.406112,0.995042,4.400066303818309,8.54823834458666,TRUE,FALSE,68.63532936718,46,NA,2,2,SA1015-A95736A-R03-C04,FALSE
1,227500001,228000000,500000,125,0.44008800000000003,0.9986370000000001,1.6619918076505802,3.22883818505619,TRUE,TRUE,75.21096038174942,46,NA,2,2,SA1015-A95736A-R03-C04,FALSE
1,228000001,228500000,500000,109,0.511946,0.990174,1.17352030473695,2.27985911448612,TRUE,TRUE,92.8829263200798,46,NA,2,2,SA1015-A95736A-R03-C04,FALSE
1,228500001,229000000,500000,61,0.48958599999999997,0.924169,0.7024731262109479,1.36473118787031,TRUE,TRUE,86.8360620840065,46,NA,2,2,SA1015-A95736A-R03-C04,FALSE
1,229000001,229500000,500000,63,0.446608,0.998058,0.8224163982260241,1.5977512394374298,TRUE,TRUE,76.6035309314026,46,NA,2,2,SA1015-A95736A-R03-C04,FALSE
1,229500001,230000000,500000,82,0.4340060000000001,0.999531,1.10885910677956,2.15423843206445,TRUE,TRUE,73.9498819089387,46,NA,2,2,SA1015-A95736A-R03-C04,FALSE
1,230000001,230500000,500000,94,0.450816,0.997682,1.21251769519058,2.3556213792786402,TRUE,TRUE,77.5246418034547,46,NA,2,2,SA1015-A95736A-R03-C04,FALSE
1,230500001,231000000,500000,68,0.440352,0.9994040000000001,0.903456035882483,1.75519117106873,TRUE,TRUE,75.26652908304341,46,NA,2,2,SA1015-A95736A-R03-C04,FALSE
1,231000001,231500000,500000,66,0.437734,0.9984700000000001,0.8833150982953721,1.71606232093557,TRUE,TRUE,74.71852357937419,46,NA,2,2,SA1015-A95736A-R03-C04,FALSE
1,231500001,232000000,500000,43,0.410012,0.997409,0.6202036982514929,1.20490207846349,TRUE,TRUE,69.332059968729,46,NA,2,2,SA1015-A95736A-R03-C04,FALSE
1,232000001,232500000,500000,61,0.419308,0.995389,0.858507956012685,1.66786819152064,TRUE,TRUE,71.0535057628501,46,NA,2,2,SA1015-A95736A-R03-C04,FALSE
1,232500001,233000000,500000,81,0.41338800000000003,0.997389,1.15801403978257,2.24973428465133,TRUE,TRUE,69.9473384754544,46,NA,2,2,SA1015-A95736A-R03-C04,FALSE
1,233000001,233500000,500000,111,0.412666,0.9989,1.5899206510996002,3.0888217895229704,TRUE,TRUE,69.8148048603757,46,NA,2,2,SA1015-A95736A-R03-C04,FALSE
1,233500001,234000000,500000,70,0.400568,0.9985729999999999,1.03441928500194,2.00962030703041,TRUE,TRUE,67.67081880136111,46,NA,2,2,SA1015-A95736A-R03-C04,FALSE
1,234000001,234500000,500000,96,0.41862,0.9973350000000001,1.35357741358531,2.62966545279909,TRUE,TRUE,70.9231692524467,46,NA,2,2,SA1015-A95736A-R03-C04,FALSE
1,234500001,235000000,500000,84,0.439592,0.9996430000000001,1.11840820408757,2.17278996154791,TRUE,TRUE,75.10674518748729,46,NA,2,2,SA1015-A95736A-R03-C04,FALSE
1,235000001,235500000,500000,53,-1,0.8992620000000001,NA,NA,FALSE,FALSE,NA,NA,NA,2,2,SA1015-A95736A-R03-C04,TRUE
1,235500001,236000000,500000,63,0.420444,0.995798,0.883965642373843,1.7173261668534399,TRUE,TRUE,71.26973830206441,46,NA,2,2,SA1015-A95736A-R03-C04,FALSE
1,236000001,236500000,500000,78,0.43412,0.998339,1.0544361794858002,2.0485081721559797,TRUE,TRUE,73.9731825571816,46,NA,2,2,SA1015-A95736A-R03-C04,FALSE
1,236500001,237000000,500000,69,0.42577200000000004,0.994876,0.9543443271890941,1.8540545092552798,TRUE,TRUE,72.3009484461769,46,NA,2,2,SA1015-A95736A-R03-C04,FALSE
1,237000001,237500000,500000,44,0.41298199999999996,0.981023,0.629716182858812,1.22338247854338,TRUE,TRUE,69.8727477516092,46,NA,2,2,SA1015-A95736A-R03-C04,FALSE
1,237500001,238000000,500000,59,0.37353400000000003,0.997926,0.9305465960237552,1.8078214154755,TRUE,TRUE,63.403595534181996,46,NA,2,2,SA1015-A95736A-R03-C04,FALSE
1,238000001,238500000,500000,95,0.390982,0.996927,1.4377622063559699,2.79321564134256,TRUE,TRUE,66.0749041670658,46,NA,2,2,SA1015-A95736A-R03-C04,FALSE
1,238500001,239000000,500000,80,0.361274,0.998597,1.29645193211019,2.5186847998996402,TRUE,TRUE,61.70687706854421,46,NA,2,2,SA1015-A95736A-R03-C04,FALSE
1,239000001,239500000,500000,54,0.365176,0.998951,0.8677382372148811,1.6858003403238202,TRUE,TRUE,62.230748495445006,46,NA,2,2,SA1015-A95736A-R03-C04,FALSE
1,239500001,240000000,500000,56,0.38311999999999996,0.988886,0.8637454681162621,1.67804337950705,TRUE,TRUE,64.83391469726621,46,NA,2,2,SA1015-A95736A-R03-C04,FALSE
1,240000001,240500000,500000,73,0.402066,0.999706,1.07466047378995,2.0877989637317698,TRUE,TRUE,67.92843114677379,46,NA,2,2,SA1015-A95736A-R03-C04,FALSE
1,240500001,241000000,500000,95,0.401424,0.9996790000000001,1.40081313025974,2.7214327437055896,TRUE,TRUE,67.817753808736,46,NA,2,2,SA1015-A95736A-R03-C04,FALSE
1,241000001,241500000,500000,78,0.391246,0.99805,1.17971547068759,2.29189478655868,TRUE,TRUE,66.1176376321813,46,NA,2,2,SA1015-A95736A-R03-C04,FALSE
1,241500001,242000000,500000,54,0.390038,0.998657,0.8191416515211909,1.5913892181818,TRUE,TRUE,65.9226641689127,46,NA,2,2,SA1015-A95736A-R03-C04,FALSE
1,242000001,242500000,500000,56,0.41999,0.991159,0.7867028323816891,1.5283686320190901,TRUE,TRUE,71.18316814808429,46,NA,2,2,SA1015-A95736A-R03-C04,FALSE
1,242500001,243000000,500000,87,0.398634,0.995237,1.29192226597005,2.5098847811922598,TRUE,TRUE,67.3415129467371,46,NA,2,2,SA1015-A95736A-R03-C04,FALSE
1,243000001,243500000,500000,34,0.405406,0.949973,0.49627202618473204,0.964133554055012,TRUE,TRUE,68.5108130341077,46,NA,2,2,SA1015-A95736A-R03-C04,FALSE
1,243500001,244000000,500000,79,0.37921,0.997131,1.22977256769947,2.38914332022836,TRUE,TRUE,64.2395204405844,46,NA,2,2,SA1015-A95736A-R03-C04,FALSE
1,244000001,244500000,500000,97,0.42808,0.9994280000000001,1.3332164909763795,2.59010922628818,TRUE,TRUE,72.7563757698215,46,NA,2,2,SA1015-A95736A-R03-C04,FALSE
1,244500001,245000000,500000,52,0.41936999999999997,0.993166,0.731721654047385,1.4215538286921499,TRUE,TRUE,71.06527422329441,46,NA,2,2,SA1015-A95736A-R03-C04,FALSE
1,245000001,245500000,500000,153,0.435688,0.9974040000000001,2.05935867839818,4.000823534105432,TRUE,TRUE,74.2949742582033,46,NA,2,2,SA1015-A95736A-R03-C04,FALSE
1,245500001,246000000,500000,86,0.441482,0.9941549999999999,1.13899500753115,2.21278501853971,TRUE,TRUE,75.50515975167521,46,NA,2,2,SA1015-A95736A-R03-C04,FALSE
1,246000001,246500000,500000,48,0.404144,0.9950389999999999,0.702890261201062,1.3655415777760902,TRUE,TRUE,68.28946515488789,46,NA,2,2,SA1015-A95736A-R03-C04,FALSE
1,246500001,247000000,500000,86,0.428546,0.990833,1.1805245938301598,2.2934667122968997,TRUE,TRUE,72.8489693899363,46,NA,2,2,SA1015-A95736A-R03-C04,FALSE
1,247000001,247500000,500000,55,0.425162,0.990556,0.761968505758433,1.4803159653842801,TRUE,TRUE,72.1814610241078,46,NA,2,2,SA1015-A95736A-R03-C04,FALSE
1,247500001,248000000,500000,61,0.400438,0.9821799999999999,0.9017190220212808,1.7518165836266002,TRUE,TRUE,67.6485673588911,46,NA,2,2,SA1015-A95736A-R03-C04,FALSE
1,248000001,248500000,500000,37,0.379884,0.973693,0.5750618831086949,1.1172027192940601,TRUE,TRUE,64.3409015391244,46,NA,2,2,SA1015-A95736A-R03-C04,FALSE
1,248500001,249000000,500000,34,-1,0.809358,NA,NA,FALSE,FALSE,NA,NA,NA,2,2,SA1015-A95736A-R03-C04,TRUE
1,249000001,249500000,500000,78,-1,0.696028,NA,NA,FALSE,FALSE,NA,NA,NA,2,2,SA1015-A95736A-R03-C04,TRUE
